timestep,x,y,z,roll,pitch,yaw,gripper
0,0.49306541681289673,0.18499413132667542,0.4188379645347595,-3.1272780276247296,0.006770101031428721,0.022270987018650438,0.0
1,0.4930568337440491,0.18500632047653198,0.4188354015350342,-3.1272808456804615,0.006779443837308552,0.022291243033364848,0.0
2,0.4935917556285858,0.18355156481266022,0.41885265707969666,-3.1271101357332562,0.0068279116719129895,0.0193801352612241,0.0
3,0.494203120470047,0.18188926577568054,0.41888004541397095,-3.126931583688231,0.006834327218363745,0.016042129512693775,0.0
4,0.494643896818161,0.18067672848701477,0.4188930094242096,-3.1268137516647605,0.006853014400899138,0.013620985578021374,0.0
5,0.49506258964538574,0.1795150339603424,0.41890856623649597,-3.1266965382510827,0.006865632489264195,0.011294382666937936,0.0
6,0.49551230669021606,0.17825911939144135,0.418923944234848,-3.1265699835025442,0.006880725983459568,0.008788712441978475,0.0
7,0.4958873391151428,0.1772012561559677,0.41893458366394043,-3.1264659626652707,0.0068925747354045,0.006675775523041072,0.0
8,0.49656224250793457,0.17527592182159424,0.4189487099647522,-3.1262800440957923,0.006933593568369201,0.0028361475356620267,0.0
9,0.4973629117012024,0.1729486882686615,0.41896113753318787,-3.1260584382349537,0.006989863112516925,-0.001784894036650241,0.0
10,0.497792512178421,0.1716994047164917,0.41897550225257874,-3.125933953491478,0.007006528100630627,-0.00427164385940732,0.0
11,0.49804598093032837,0.17095574736595154,0.4189845323562622,-3.1258588451292613,0.007015208216705426,-0.005745891224365041,0.0
12,0.4982537627220154,0.17034688591957092,0.4189937114715576,-3.125796698165077,0.007019171608463548,-0.0069580483386974595,0.0
13,0.49850913882255554,0.16959764063358307,0.4190022647380829,-3.125722433224652,0.007027108760356171,-0.00845465303683627,0.0
14,0.49880626797676086,0.16871489584445953,0.41901034116744995,-3.1256383206161584,0.007040446480578,-0.01020346010091508,0.0
15,0.49912628531455994,0.1677565574645996,0.41902387142181396,-3.1255400931881225,0.0070484149864944445,-0.012108708340503614,0.0
16,0.49940618872642517,0.16691379249095917,0.419029176235199,-3.125456790049995,0.0070676322774787526,-0.013787874005119128,0.0
17,0.4997507929801941,0.16586154699325562,0.419035941362381,-3.1253558703573847,0.007091301403497674,-0.01586743313586273,0.0
18,0.4998270273208618,0.16563165187835693,0.4190364181995392,-3.1253372257893433,0.007095967996463948,-0.016323694236769652,0.0
19,0.4998793303966522,0.16547374427318573,0.41904178261756897,-3.125320807494853,0.0070901064578245965,-0.016635907767473132,0.0
20,0.49992474913597107,0.16533395648002625,0.41903969645500183,-3.1253089904718685,0.007108267977798288,-0.016916118575814987,0.0
21,0.49996209144592285,0.16521185636520386,0.4190335273742676,-3.1252999003190807,0.007127207551295367,-0.017151948149457998,0.0
22,0.5000022053718567,0.1650901883840561,0.4190354645252228,-3.1252897390363827,0.007131814087272481,-0.01739717134204064,0.0
23,0.5000385046005249,0.1649753451347351,0.4190341532230377,-3.1252805793673932,0.007138090171608269,-0.01761952769865148,0.0
24,0.5000587105751038,0.16491274535655975,0.4190358519554138,-3.1252731280525636,0.007134475322629674,-0.017748486547513164,0.0
25,0.5000860095024109,0.16482804715633392,0.4190327823162079,-3.1252692586762882,0.00714314095151547,-0.017915465286399833,0.0
26,0.5000989437103271,0.16479234397411346,0.41903772950172424,-3.125262620573372,0.007136434516209489,-0.01797972937790574,0.0
27,0.5001051425933838,0.16477026045322418,0.41903623938560486,-3.1252609601178687,0.0071408241899413305,-0.01802640327661844,0.0
28,0.5001119375228882,0.16475148499011993,0.4190347194671631,-3.125260825034519,0.007144542025672385,-0.018057718361782635,0.0
29,0.5001155138015747,0.16473688185214996,0.4190370440483093,-3.1252581209504777,0.007141216637592374,-0.018092899127327616,0.0
30,0.5001238584518433,0.16471460461616516,0.41903653740882874,-3.12525262195227,0.007142962598656988,-0.01813848194212191,0.0
31,0.5001347064971924,0.16468000411987305,0.4190366566181183,-3.125253427862856,0.007142888023809135,-0.01820557390648634,0.0
32,0.5001492500305176,0.16463567316532135,0.419037789106369,-3.125248246306928,0.007141592977100819,-0.018292272115851407,0.0
33,0.5001630187034607,0.16459053754806519,0.41903772950172424,-3.125244137112923,0.0071466133067321636,-0.01838686220987969,0.0
34,0.5001726746559143,0.16456171870231628,0.41903892159461975,-3.125242539116157,0.007144193290388179,-0.01844116173711728,0.0
35,0.5001994967460632,0.16448430716991425,0.41903984546661377,-3.1252336124057254,0.007146905670577297,-0.018589177639282348,0.0
36,0.500208854675293,0.16444650292396545,0.4190358817577362,-3.1252333436226927,0.007160790919151783,-0.018670101988132674,0.0
37,0.5002225041389465,0.16440905630588531,0.4190395474433899,-3.1252298776389287,0.007149652510044069,-0.018742116887779662,0.0
38,0.5002309083938599,0.16438031196594238,0.41903752088546753,-3.12522680323063,0.007159631696495916,-0.018805013048908234,0.0
39,0.5002456903457642,0.16433918476104736,0.4190406799316406,-3.125223006102577,0.007150716710390803,-0.01887462257170177,0.0
40,0.5002518892288208,0.1643177717924118,0.41903752088546753,-3.1252184536217253,0.007159315264380295,-0.018927699307820747,0.0
41,0.5002673864364624,0.16427238285541534,0.41903793811798096,-3.125215536960297,0.007159449110093474,-0.01901623235039592,0.0
42,0.5002718567848206,0.16425424814224243,0.4190385639667511,-3.1252163572388216,0.0071610649762521295,-0.01904989072879759,0.0
43,0.500278651714325,0.1642373502254486,0.41903921961784363,-3.1252110975110696,0.007158600443375462,-0.019086023158924836,0.0
44,0.5002865195274353,0.1642116904258728,0.4190399646759033,-3.125207969852933,0.007156446498191915,-0.01912740213889163,0.0
45,0.5003012418746948,0.16416330635547638,0.41904011368751526,-3.1252034622812763,0.007161452753055908,-0.019230960561263437,0.0
46,0.5003142952919006,0.16412855684757233,0.4190411865711212,-3.1251997458098466,0.00716066211439359,-0.019300675260586157,0.0
47,0.5003269910812378,0.16409072279930115,0.4190443158149719,-3.125193156901164,0.007155525706695309,-0.019378228353274084,0.0
48,0.5003443956375122,0.16403412818908691,0.41904357075691223,-3.1251911103139363,0.007158189010854299,-0.019491753783646613,0.0
49,0.5004095435142517,0.16383184492588043,0.4190443158149719,-3.125170937541563,0.007162379544781272,-0.019882882118404513,0.0
50,0.5005186796188354,0.16349969804286957,0.4190504848957062,-3.1251358502822018,0.007163418345769612,-0.020546788898026334,0.0
51,0.5007331371307373,0.1628337949514389,0.4190540909767151,-3.125078623193004,0.0071809456660523185,-0.021856975825901924,0.0
52,0.5010032057762146,0.16199633479118347,0.41906583309173584,-3.124989094722032,0.007183989029703186,-0.023516457844844844,0.0
53,0.5012952089309692,0.16108916699886322,0.41907623410224915,-3.124898208892155,0.007195185159428741,-0.025319809899124905,0.0
54,0.5016295313835144,0.1600361317396164,0.41908934712409973,-3.12479534330936,0.007204642196424027,-0.02739150946743157,0.0
55,0.501872181892395,0.15927162766456604,0.4190980792045593,-3.124715409422735,0.007214998875020973,-0.02890256511555975,0.0
56,0.50199955701828,0.1588663011789322,0.41910114884376526,-3.1246778000029747,0.007221960571485164,-0.029710057104152993,0.0
57,0.5020608901977539,0.15866965055465698,0.41910311579704285,-3.124660710739889,0.007223992426049097,-0.0300957682582476,0.0
58,0.5020950436592102,0.15856114029884338,0.4191053509712219,-3.124649117855543,0.007223644091958192,-0.030309100661560073,0.0
59,0.5021143555641174,0.15850110352039337,0.4191068410873413,-3.1246417268799482,0.007223010664612506,-0.030431948245665245,0.0
60,0.5021322965621948,0.15843942761421204,0.41910427808761597,-3.124636492397042,0.00723440192737379,-0.030547862592356777,0.0
61,0.5021544694900513,0.15837404131889343,0.4191068112850189,-3.124626657806224,0.007227691249592549,-0.03068258156746243,0.0
62,0.5021659731864929,0.15833231806755066,0.4191077947616577,-3.1246274469036357,0.007227909419649237,-0.030763910350545584,0.0
63,0.502176821231842,0.15829941630363464,0.4191078245639801,-3.1246221462625234,0.007230343330018041,-0.030823546801755138,0.0
64,0.5021806955337524,0.1582847386598587,0.4191059172153473,-3.124625012525959,0.007235895149368954,-0.030845876787519523,0.0
65,0.5021839141845703,0.158270925283432,0.4191041588783264,-3.124629862413865,0.007246259900667962,-0.030878206427649227,0.0
66,0.5021919012069702,0.15823931992053986,0.4191116988658905,-3.1246230231174947,0.0072354401769523236,-0.030940786305741045,0.0
67,0.5021969676017761,0.1582261323928833,0.41910138726234436,-3.124626626863661,0.007261664689829583,-0.030968970636272644,0.0
68,0.5021981000900269,0.1582213044166565,0.4191035330295563,-3.1246238242002247,0.007261854879317076,-0.030978705283910855,0.0
69,0.5021987557411194,0.15821799635887146,0.41910216212272644,-3.124626678478543,0.007264385301371856,-0.03097778155696682,0.0
70,0.502200722694397,0.15821145474910736,0.4191036522388458,-3.1246243934344657,0.007264131706944621,-0.03099549148469568,0.0
71,0.5022021532058716,0.15820640325546265,0.4191048741340637,-3.1246255843968487,0.007261187909901379,-0.030998994347592006,0.0
72,0.5022025108337402,0.15820284187793732,0.4191022515296936,-3.124627837217487,0.007270485736308618,-0.031013384082499287,0.0
73,0.5022042393684387,0.15819896757602692,0.41910266876220703,-3.1246264638160217,0.007270033213733651,-0.031020065566677683,0.0
74,0.5022013187408447,0.15820357203483582,0.41909846663475037,-3.12463035716515,0.007282468440146017,-0.031013155640196067,0.0
75,0.5022028684616089,0.1581992655992508,0.41910287737846375,-3.124629634716754,0.007273557477153414,-0.031015387227733376,0.0
76,0.5022027492523193,0.15820150077342987,0.41910237073898315,-3.1246277324713545,0.007273838748896422,-0.03101410211093225,0.0
77,0.5022032856941223,0.15819773077964783,0.41910064220428467,-3.124628581004666,0.007281563840772831,-0.031021644246194375,0.0
78,0.5022023916244507,0.1581995189189911,0.4191006124019623,-3.1246310144091844,0.007281946577459841,-0.031019379483233304,0.0
79,0.5022022724151611,0.15819619596004486,0.41910025477409363,-3.1246313863365063,0.007285835841998489,-0.031025933641289718,0.0
80,0.5022028684616089,0.15819647908210754,0.4191007614135742,-3.124634009286077,0.007287890349202852,-0.031021306776962226,0.0
81,0.5022028088569641,0.15819308161735535,0.41910320520401,-3.124636028263417,0.007293844423425622,-0.031027052300588682,0.0
82,0.5022018551826477,0.15819492936134338,0.4190998673439026,-3.1246368592456997,0.0073013114498219345,-0.031028299489499228,0.0
83,0.5022016763687134,0.15819445252418518,0.41910117864608765,-3.124633798162536,0.007300551822589485,-0.031032416466338964,0.0
84,0.5022007822990417,0.1581936776638031,0.41909998655319214,-3.124638509137457,0.007303956783527132,-0.031024280585738813,0.0
85,0.5022019147872925,0.15819202363491058,0.4191007614135742,-3.1246370472151623,0.007299329904958407,-0.03103157076203994,0.0
86,0.5022022128105164,0.15819065272808075,0.41909870505332947,-3.124636353924791,0.0073079801656776855,-0.03103247270279579,0.0
87,0.5022022128105164,0.15818870067596436,0.41910040378570557,-3.124637973865963,0.0073057184320177715,-0.031035535524129635,0.0
88,0.5022030472755432,0.15818816423416138,0.4191007912158966,-3.1246382158316472,0.007307994822056463,-0.03104008582069639,0.0
89,0.5022056102752686,0.15818044543266296,0.4191054105758667,-3.124635995303589,0.007308959587738029,-0.031057703643942614,0.0
90,0.5022060871124268,0.1581655591726303,0.41909274458885193,-3.1246478316485344,0.007348176602674394,-0.03108317109794799,0.0
91,0.5022056698799133,0.15816834568977356,0.4190971553325653,-3.1246438540241566,0.00733855035441211,-0.031075810423443064,0.0
92,0.5022019743919373,0.15817312896251678,0.4190945327281952,-3.124649626247742,0.007347323815987128,-0.031066876896546327,0.0
93,0.5022061467170715,0.15816836059093475,0.41909730434417725,-3.124647005391723,0.007340587592414183,-0.031077702612074164,0.0
94,0.5022040009498596,0.1581694483757019,0.4190949499607086,-3.124647197491421,0.007348248424781323,-0.03107398605296531,0.0
95,0.5022058486938477,0.15816372632980347,0.4190972149372101,-3.1246473365956513,0.007340676692970005,-0.031081789395102376,0.0
96,0.502204954624176,0.15816691517829895,0.4190939664840698,-3.124647908125475,0.007350003061763699,-0.031075705914969207,0.0
97,0.502204418182373,0.15816408395767212,0.4190928637981415,-3.124649503918767,0.00735365359426754,-0.031077329164520325,0.0
98,0.5022052526473999,0.15816597640514374,0.41909801959991455,-3.1246451110588196,0.007343009771977327,-0.031077131283366193,0.0
99,0.5022043585777283,0.1581667959690094,0.4190956652164459,-3.1246492588195838,0.0073496920279003675,-0.031080610023574297,0.0
100,0.5022045969963074,0.15816469490528107,0.4190959930419922,-3.124647253314555,0.007348007636818865,-0.031081347024461543,0.0
101,0.5022057890892029,0.1581641286611557,0.41909658908843994,-3.1246492734750495,0.0073469062216573455,-0.03108269360236433,0.0
102,0.502204954624176,0.15816345810890198,0.4190964102745056,-3.1246464989146774,0.007349368675938273,-0.031084495236682896,0.0
103,0.5022057890892029,0.15816465020179749,0.4190956652164459,-3.124648176182769,0.007346913181546899,-0.031081117563342624,0.0
104,0.5022056102752686,0.1581646353006363,0.41909298300743103,-3.124648161141621,0.007357160855312683,-0.03108414105077471,0.0
105,0.5022056102752686,0.15816251933574677,0.41909733414649963,-3.124649740869503,0.007348457672657904,-0.03108802009107077,0.0
106,0.502204954624176,0.15816350281238556,0.41909608244895935,-3.1246478830685644,0.007351966509168806,-0.0310841747254387,0.0
107,0.5022048354148865,0.1581624448299408,0.41909730434417725,-3.124650737446247,0.007348648005712999,-0.031083889262098693,0.0
108,0.5022048354148865,0.15816211700439453,0.41909509897232056,-3.1246507303591775,0.0073534751342367866,-0.031084630587533163,0.0
109,0.5022072792053223,0.1581583023071289,0.4190993309020996,-3.124644024489272,0.007346237961894264,-0.031096607729924685,0.0
110,0.5022063851356506,0.15814189612865448,0.41908594965934753,-3.124655771592935,0.007382664302715947,-0.03112497084108851,0.0
111,0.5022134184837341,0.15813526511192322,0.41909921169281006,-3.124647898057543,0.007356050654091728,-0.031137234386285306,0.0
112,0.5022130608558655,0.158132404088974,0.4190971255302429,-3.124651346796472,0.007361194133280513,-0.031144780140430182,0.0
113,0.5022114515304565,0.1581346094608307,0.4190952777862549,-3.124651336198817,0.007369375169009151,-0.031140693392051503,0.0
114,0.502212405204773,0.15813370048999786,0.419094443321228,-3.1246540095834936,0.007368588672538978,-0.031144082888479963,0.0
115,0.5022120475769043,0.1581333875656128,0.4190957546234131,-3.1246520254126753,0.007367939465730888,-0.03113889402279229,0.0
116,0.5022121071815491,0.1581336110830307,0.4190949499607086,-3.124651593804582,0.007369008558306689,-0.031141377258582154,0.0
117,0.5022141933441162,0.15813104808330536,0.41909611225128174,-3.1246502246524708,0.007363854688352989,-0.03114979338788745,0.0
118,0.5022111535072327,0.15813472867012024,0.4190940260887146,-3.124651744579362,0.007370840218513974,-0.031136365219264123,0.0
119,0.5022125840187073,0.15813307464122772,0.41909652948379517,-3.124649392608754,0.007365245135887877,-0.031139488248453123,0.0
120,0.5022131204605103,0.15813186764717102,0.4190954267978668,-3.124651934654406,0.007367044220545349,-0.03114157767861087,0.0
121,0.5022120475769043,0.15813207626342773,0.4190940260887146,-3.124653569449556,0.007370489418860204,-0.03114399998029307,0.0
122,0.5022133588790894,0.15812699496746063,0.41909053921699524,-3.1246532113554593,0.0073787382493730735,-0.03115376836630528,0.0
123,0.5022116303443909,0.15812988579273224,0.41909468173980713,-3.1246527547660388,0.007371459063261199,-0.031149103181445693,0.0
124,0.5022138357162476,0.15812897682189941,0.4190938174724579,-3.124652410384619,0.007370343363038545,-0.03114804787845002,0.0
125,0.5022136569023132,0.15813027322292328,0.4190959930419922,-3.1246501282670143,0.007367352029068908,-0.03114980065493027,0.0
126,0.5022136569023132,0.15812993049621582,0.4190942943096161,-3.1246530912092707,0.007367015995119575,-0.031149717568742703,0.0
127,0.5022135376930237,0.15812967717647552,0.41909030079841614,-3.124651966902726,0.007378696713850719,-0.031152404503202898,0.0
128,0.5022130012512207,0.1581306755542755,0.41909509897232056,-3.124649714931887,0.0073687153509454095,-0.031146852288086967,0.0
129,0.5022132992744446,0.1581284999847412,0.4190916419029236,-3.124649699866269,0.007378124676640674,-0.031155097879758828,0.0
130,0.5022144913673401,0.15812699496746063,0.4190952777862549,-3.124650009948943,0.007369645484677223,-0.03115983455068642,0.0
131,0.5022130608558655,0.1581295281648636,0.4190947115421295,-3.124651016902331,0.007370873114787457,-0.031151617973848085,0.0
132,0.5022134184837341,0.15812788903713226,0.41909313201904297,-3.124654049554294,0.007372396026594785,-0.031151748490204873,0.0
133,0.5022122859954834,0.1581321507692337,0.41909199953079224,-3.124655059590043,0.007374213393090523,-0.031139585891029057,0.0
134,0.5022135972976685,0.1581304520368576,0.4190961420536041,-3.124653074198028,0.007366116329890149,-0.031139526090748826,0.0
135,0.5022137761116028,0.15812905132770538,0.4190947413444519,-3.124650583635472,0.0073714804065738715,-0.031152797643434666,0.0
136,0.5022140145301819,0.1581260859966278,0.4190906584262848,-3.1246551924048545,0.007379582875603585,-0.031160305887650522,0.0
137,0.50221186876297,0.15813244879245758,0.41909343004226685,-3.1246528553267905,0.007376899764500289,-0.031151875427370003,0.0
138,0.5022138357162476,0.15812599658966064,0.4190945625305176,-3.1246533704513384,0.007373266408869483,-0.031156653744331027,0.0
139,0.5022144317626953,0.1581232249736786,0.4190930426120758,-3.1246560801349594,0.007376457977343653,-0.031153815024300025,0.0
140,0.5022147297859192,0.15812356770038605,0.4190928339958191,-3.124651259152866,0.007378577669452602,-0.031167625090496445,0.0
141,0.5022128224372864,0.15812784433364868,0.4190918803215027,-3.1246528313286634,0.007376549752631911,-0.03114987798090069,0.0
142,0.5022133588790894,0.15812796354293823,0.4190903604030609,-3.1246518138431063,0.007382003888994237,-0.03115047617652719,0.0
143,0.5022144913673401,0.15812420845031738,0.41909223794937134,-3.124653440561563,0.0073774579902488036,-0.03116250026802119,0.0
144,0.5022137761116028,0.15812736749649048,0.4190937578678131,-3.1246544428248213,0.007372419988722845,-0.03115271637337666,0.0
145,0.5022131204605103,0.1581282615661621,0.41909047961235046,-3.12465297822802,0.007382242909926617,-0.031152024323213737,0.0
146,0.5022127032279968,0.158126562833786,0.4190930724143982,-3.1246518346804986,0.007379030882534332,-0.03115582259123115,0.0
147,0.5022141337394714,0.15812258422374725,0.4190933406352997,-3.124653271540288,0.007378434009738921,-0.031160027293282034,0.0
148,0.5022136569023132,0.15812531113624573,0.41909104585647583,-3.1246569029959486,0.007381849370542204,-0.031153634579242834,0.0
149,0.5022141933441162,0.15812550485134125,0.4190893769264221,-3.1246534765317517,0.0073841441746196335,-0.03115081433554894,0.0
150,0.502214789390564,0.15812422335147858,0.41909509897232056,-3.124653598033326,0.007374904930868231,-0.031160930037517846,0.0
151,0.5022143125534058,0.15812140703201294,0.4190933406352997,-3.1246547246855783,0.007379277314004451,-0.03116637290299625,0.0
152,0.5022141933441162,0.15812194347381592,0.419093519449234,-3.124652940846185,0.007378938350958375,-0.031167499727857574,0.0
153,0.5022143721580505,0.15812425315380096,0.4190932810306549,-3.1246511348311574,0.00737753932839702,-0.031155711581645217,0.0
154,0.5022140145301819,0.15812356770038605,0.4190956652164459,-3.1246558036898597,0.007379168107270351,-0.03116442777430254,0.0
155,0.5022163391113281,0.1581176370382309,0.4190925061702728,-3.1246539205040094,0.007385678210536373,-0.03117307658714429,0.0
156,0.502212643623352,0.15812361240386963,0.4190887212753296,-3.1246562731643905,0.007395522451747016,-0.03115519270995446,0.0
157,0.5022159814834595,0.15811657905578613,0.4190933108329773,-3.124652541870584,0.007387284306545672,-0.031173318641096837,0.0
158,0.5022137761116028,0.15812012553215027,0.4190942347049713,-3.1246566261846853,0.007386101885715979,-0.031170011733315864,0.0
159,0.5022143721580505,0.15811844170093536,0.41908952593803406,-3.1246575236591725,0.007396688417521835,-0.03117061825156562,0.0
160,0.5022147297859192,0.15811792016029358,0.4190889298915863,-3.124658653311333,0.007396679447709165,-0.03117086835535252,0.0
161,0.5022150874137878,0.15811797976493835,0.41908973455429077,-3.124656815350201,0.007392308142316617,-0.031171835410935624,0.0
162,0.5022148489952087,0.15811766684055328,0.4190889298915863,-3.124660082941837,0.007396174977269077,-0.031168920430172317,0.0
163,0.5022140741348267,0.15811946988105774,0.41909465193748474,-3.12465541201205,0.007386697664198749,-0.031168335269005677,0.0
164,0.5022138953208923,0.15811829268932343,0.4190933108329773,-3.124655643493293,0.007388739836127423,-0.031165400295565446,0.0
165,0.5022146105766296,0.1581166833639145,0.41909143328666687,-3.124656802270584,0.007393069904186866,-0.031174155171151432,0.0
166,0.5022145509719849,0.15811875462532043,0.4190911054611206,-3.1246567856609206,0.007393618189137197,-0.03117490850318833,0.0
167,0.5022153854370117,0.15811803936958313,0.4190903306007385,-3.1246558527524098,0.007394405125035641,-0.03117168930666466,0.0
168,0.5022138357162476,0.15811805427074432,0.41909059882164,-3.1246574423792546,0.007393314043420363,-0.031168631303475303,0.0
169,0.5022162199020386,0.15811501443386078,0.41909337043762207,-3.1246582865680894,0.007386691088166808,-0.03117323872229366,0.0
170,0.5022141337394714,0.15811656415462494,0.41909149289131165,-3.1246561802414723,0.007392064884066629,-0.031177197252995663,0.0
171,0.5022140741348267,0.15811677277088165,0.4190918505191803,-3.124657143965964,0.007393776122413653,-0.031178218147921093,0.0
172,0.5022140145301819,0.15812194347381592,0.4190937876701355,-3.12465569975581,0.007390737563536476,-0.031165143322902725,0.0
173,0.5022159814834595,0.1581149697303772,0.41909199953079224,-3.1246557048089962,0.007393924638285032,-0.031178312144224465,0.0
174,0.502213180065155,0.15811756253242493,0.41909101605415344,-3.124661736413117,0.007395889884755924,-0.03116942624567577,0.0
175,0.5022143125534058,0.15811534225940704,0.41908973455429077,-3.124657807920651,0.0074027804791170215,-0.031172441389445436,0.0
176,0.5022163391113281,0.1581118255853653,0.41909220814704895,-3.124656673368113,0.007393108375362667,-0.031177694975952127,0.0
177,0.5022159218788147,0.15811148285865784,0.41909128427505493,-3.1246579347723413,0.007395343406193522,-0.031185244315363906,0.0
178,0.5022150874137878,0.15811564028263092,0.4190915822982788,-3.124657672987129,0.007394975101387091,-0.031176684565659755,0.0
179,0.5022162199020386,0.15811167657375336,0.4190915524959564,-3.124657287598859,0.0073956810559838715,-0.031176788912407136,0.0
180,0.5022159218788147,0.1581151932477951,0.41909632086753845,-3.124652656078238,0.007385581884283621,-0.031180934334509077,0.0
181,0.5022162795066833,0.15811502933502197,0.41909438371658325,-3.124656637143972,0.007388176535743307,-0.031170780178946915,0.0
182,0.5022149085998535,0.15811514854431152,0.4190923869609833,-3.124655395784039,0.007395040241716,-0.031181722961390403,0.0
183,0.5022155046463013,0.15811477601528168,0.4190928339958191,-3.1246594267560037,0.007394836657771409,-0.031175714412245092,0.0
184,0.5022156834602356,0.158114954829216,0.4190930426120758,-3.124653542898768,0.007393247204983355,-0.031182168983294498,0.0
185,0.502216637134552,0.15811775624752045,0.4190943241119385,-3.1246568298901445,0.007385141589896449,-0.031171216341099407,0.0
186,0.5022151470184326,0.15811549127101898,0.41909199953079224,-3.1246570898718358,0.007393527221341678,-0.03117622532086001,0.0
187,0.5022153854370117,0.15811239182949066,0.41909030079841614,-3.1246571257879157,0.007397417166049136,-0.031186432523771988,0.0
188,0.5022174119949341,0.15811170637607574,0.41909241676330566,-3.1246543712364807,0.007390615662747679,-0.031188567799215246,0.0
189,0.5022153854370117,0.15811488032341003,0.419091135263443,-3.1246582716363087,0.0073973512163973965,-0.031171617429469528,0.0
190,0.502216100692749,0.15811333060264587,0.41909125447273254,-3.1246593203828614,0.007394135599411156,-0.031176602778519955,0.0
191,0.5022154450416565,0.1581142246723175,0.4190894067287445,-3.1246598159325814,0.007398089481936099,-0.03117986402923124,0.0
192,0.5022165179252625,0.15811219811439514,0.41909292340278625,-3.124655708414098,0.0073932259888744856,-0.03117820259942812,0.0
193,0.5022188425064087,0.15811076760292053,0.4191024899482727,-3.1246550780653988,0.00738804886668909,-0.031185507854318083,0.0
194,0.502217710018158,0.15810264647006989,0.41909128427505493,-3.12466568820241,0.007414066529462415,-0.03120160320726419,0.0
195,0.5022156834602356,0.15810714662075043,0.41909322142601013,-3.1246607952425887,0.0074113342153216966,-0.031194413372745027,0.0
196,0.5022141337394714,0.15810881555080414,0.4190903306007385,-3.124665911227207,0.007417942998903415,-0.031186622821275413,0.0
197,0.5022149085998535,0.1581093966960907,0.4190923869609833,-3.1246626447677013,0.007413703141331496,-0.031183100401957764,0.0
198,0.502213716506958,0.15811045467853546,0.41908976435661316,-3.1246657684638794,0.007418527503488814,-0.0311820654012211,0.0
199,0.5022140145301819,0.15810905396938324,0.41908931732177734,-3.1246644321935184,0.007417706590997053,-0.031182104642613156,0.0
200,0.5022149085998535,0.15810754895210266,0.4190879166126251,-3.12466521118573,0.007425168836725282,-0.031187481001019986,0.0
201,0.5022152066230774,0.15810370445251465,0.41908779740333557,-3.1246663024919767,0.007425189883386363,-0.031191597269024797,0.0
202,0.5022135376930237,0.15811099112033844,0.4190886616706848,-3.1246682957312184,0.007423456517096749,-0.031178268957279476,0.0
203,0.5022138357162476,0.15810731053352356,0.41908952593803406,-3.1246700635363025,0.007420204692039967,-0.03119169997809791,0.0
204,0.5022143721580505,0.15810905396938324,0.4190922677516937,-3.1246650798726243,0.007413904842766383,-0.031186380129845502,0.0
205,0.502214252948761,0.15810708701610565,0.4190905690193176,-3.124664855991761,0.007419874544854155,-0.031185797959276534,0.0
206,0.5022154450416565,0.15810471773147583,0.4190886318683624,-3.124666272164894,0.007423080698476081,-0.0311907843337461,0.0
207,0.5022132992744446,0.15810787677764893,0.4190864562988281,-3.1246649692100728,0.0074283232736895854,-0.0311870995286017,0.0
208,0.502215564250946,0.1581038236618042,0.4190896451473236,-3.124666908792914,0.007420033254810665,-0.03119292828477658,0.0
209,0.5022146105766296,0.15810732543468475,0.41909050941467285,-3.1246631894089174,0.007419729321198387,-0.031191874059107456,0.0
210,0.5022149682044983,0.1581074446439743,0.41908881068229675,-3.1246649009733094,0.00741966011848727,-0.03118827892500063,0.0
211,0.5022141337394714,0.1581079363822937,0.41908955574035645,-3.12466798445834,0.007421407474188291,-0.031180302226853664,0.0
212,0.5022152662277222,0.15810644626617432,0.419087290763855,-3.124663820137488,0.00742540690513982,-0.03119340401261563,0.0
213,0.5022150278091431,0.15810632705688477,0.4190877377986908,-3.1246632748291674,0.007426155849927563,-0.031192900223809855,0.0
214,0.502214252948761,0.15810588002204895,0.419089674949646,-3.1246665843985,0.007421262050689492,-0.031194719578730705,0.0
215,0.5022156834602356,0.1581062227487564,0.4190884828567505,-3.1246660089056095,0.007422799257887469,-0.031198099765813725,0.0
216,0.502214252948761,0.15810953080654144,0.41908618807792664,-3.124665920901818,0.007426818591087958,-0.031185063326581403,0.0
217,0.5022155046463013,0.15810522437095642,0.4190904200077057,-3.124664273412011,0.00741687313803463,-0.03119630892545939,0.0
218,0.5022140741348267,0.15810824930667877,0.4190918207168579,-3.1246687283356263,0.007414092826134588,-0.031181082084965468,0.0
219,0.5022152066230774,0.15810486674308777,0.4190891683101654,-3.124666772399953,0.007421768948610907,-0.031197843119841688,0.0
220,0.5022150874137878,0.15810753405094147,0.41908952593803406,-3.1246657329662963,0.007420530588693408,-0.031183432151291192,0.0
221,0.5022150874137878,0.15810708701610565,0.419088751077652,-3.124666199624094,0.007419351692322884,-0.031187137192707663,0.0
222,0.5022149682044983,0.1581064611673355,0.41908761858940125,-3.124666612356056,0.007424521026595077,-0.03119056480679364,0.0
223,0.5022162199020386,0.15810613334178925,0.4190891981124878,-3.1246624823878895,0.007418502200346122,-0.03118694620597689,0.0
224,0.5022149682044983,0.1581059694290161,0.41909095644950867,-3.1246650782043015,0.007418477442040716,-0.031189578441222676,0.0
225,0.5022158622741699,0.15810680389404297,0.4190877377986908,-3.124667020344677,0.007422407232169359,-0.031192930957342404,0.0
226,0.5022144913673401,0.15810678899288177,0.4190877676010132,-3.124667323307791,0.007423524385312463,-0.031189287032375175,0.0
227,0.502214252948761,0.1581074446439743,0.4190905690193176,-3.1246676148422567,0.007418183708473469,-0.031187387002223427,0.0
228,0.5022153854370117,0.15810708701610565,0.4190914034843445,-3.1246630841489322,0.00741833972913053,-0.03119043268374255,0.0
229,0.5022149682044983,0.15810370445251465,0.4190887212753296,-3.124665888340928,0.007424242117929802,-0.03119920087968599,0.0
230,0.5022141933441162,0.15810555219650269,0.41908925771713257,-3.12466678977288,0.007421438303939043,-0.03119209645310988,0.0
231,0.5022154450416565,0.1581052988767624,0.41909047961235046,-3.124662591965238,0.007421261907921695,-0.03119460791451019,0.0
232,0.5022143125534058,0.15810586512088776,0.4190886318683624,-3.124667877450923,0.00742312744058049,-0.031194477641239657,0.0
233,0.5022158026695251,0.15810583531856537,0.4190889894962311,-3.124664135093764,0.007423516723129353,-0.03118883943833881,0.0
234,0.5022162199020386,0.1581035703420639,0.4190901219844818,-3.1246626948843375,0.007420378959535734,-0.03119392664689695,0.0
235,0.5022133588790894,0.1581086814403534,0.4190908670425415,-3.1246677067258277,0.007418187200183501,-0.03118703343902109,0.0
236,0.5022145509719849,0.15810909867286682,0.41908982396125793,-3.124665305562089,0.007419974908867255,-0.03118604835244164,0.0
237,0.5022143721580505,0.15810756385326385,0.4190883934497833,-3.124665074128938,0.0074249477009906695,-0.031192909681174278,0.0
238,0.5022144913673401,0.15810656547546387,0.4190894365310669,-3.1246675661033767,0.007421981283186385,-0.0311921990387611,0.0
239,0.5022135972976685,0.1581066995859146,0.4190877676010132,-3.12466987753696,0.007424402584577328,-0.03118869122111441,0.0
240,0.5022160410881042,0.15810474753379822,0.41908982396125793,-3.1246670156568688,0.007420245982906248,-0.03118843081224381,0.0
241,0.5022146105766296,0.1581066995859146,0.41908499598503113,-3.124668573796191,0.007432809463416179,-0.03119234209629879,0.0
242,0.5022158026695251,0.15810394287109375,0.4190914034843445,-3.1246640618684314,0.007418180299942012,-0.031193041431221872,0.0
243,0.5022156238555908,0.1581081598997116,0.41909337043762207,-3.1246604125509942,0.007412954619379741,-0.031188883381061003,0.0
244,0.5022152662277222,0.15810535848140717,0.4190894067287445,-3.124664900950474,0.007421629830978604,-0.031187524703970636,0.0
245,0.5022166967391968,0.1581021249294281,0.4190906882286072,-3.1246661309922508,0.007417404256372828,-0.03119216167580777,0.0
246,0.5022148489952087,0.15810470283031464,0.4190887212753296,-3.12466793503293,0.007422031571627574,-0.03119502352814639,0.0
247,0.502216637134552,0.158104807138443,0.419089674949646,-3.1246649515631026,0.007419674122454145,-0.031190581041073754,0.0
248,0.502214789390564,0.15810543298721313,0.41908782720565796,-3.1246654511836423,0.007424631931823633,-0.031193438977946585,0.0
249,0.502214789390564,0.15810911357402802,0.4190898835659027,-3.1246648583137477,0.0074202094530655405,-0.031191313712877096,0.0
250,0.5022151470184326,0.1581064611673355,0.41909173130989075,-3.1246680601435908,0.007416136656048344,-0.03118697760305485,0.0
251,0.5022157430648804,0.15810325741767883,0.41908785700798035,-3.1246695793346784,0.007424951246785438,-0.031189355970344234,0.0
252,0.5022153258323669,0.15810376405715942,0.41908836364746094,-3.124668388602937,0.00742201334941206,-0.03119634773865691,0.0
253,0.5022162199020386,0.1581047773361206,0.419090211391449,-3.1246638284976176,0.007420230685063256,-0.031200620336270978,0.0
254,0.5022144913673401,0.15810783207416534,0.41908857226371765,-3.124663756074734,0.00742336301231461,-0.03118345857755162,0.0
255,0.5022175908088684,0.1581047624349594,0.4190962314605713,-3.1246607908290613,0.007411817141941057,-0.031196215890053107,0.0
256,0.5022158622741699,0.15810318291187286,0.419086217880249,-3.124671522534645,0.007427732554888822,-0.03119106618793219,0.0
257,0.5022163987159729,0.1580982506275177,0.41909059882164,-3.1246652022077455,0.007428493792610569,-0.03120652479824435,0.0
258,0.5022181868553162,0.15809285640716553,0.419089674949646,-3.124669945813756,0.007429334459041703,-0.031212526959456612,0.0
259,0.5022165775299072,0.1580963134765625,0.4190875291824341,-3.1246678546149433,0.007435953449601351,-0.03120999350505412,0.0
260,0.5022174119949341,0.15809397399425507,0.4190925359725952,-3.1246659099137744,0.007424474179182461,-0.031219405230308122,0.0
261,0.5022174715995789,0.15809834003448486,0.4190901219844818,-3.1246680240985834,0.007428114447498357,-0.03120553646708127,0.0
262,0.5022169351577759,0.15809661149978638,0.4190894365310669,-3.12466564272062,0.0074314909530157625,-0.03120570764335594,0.0
263,0.5022174715995789,0.1580938994884491,0.41908377408981323,-3.124671876035883,0.00744140812320615,-0.031215542348283293,0.0
264,0.5022174119949341,0.15809474885463715,0.41908931732177734,-3.1246669473712183,0.007430771623819332,-0.031219482435322205,0.0
265,0.5022180080413818,0.15809623897075653,0.41908761858940125,-3.1246691625488827,0.0074343460665184935,-0.031210017556044706,0.0
266,0.5022177696228027,0.1580943912267685,0.4190881848335266,-3.1246674936411667,0.007434272943234177,-0.031214152303129666,0.0
267,0.5022172331809998,0.15809541940689087,0.41908618807792664,-3.124669232067937,0.007437142178641887,-0.031209964353743843,0.0
268,0.5022167563438416,0.15809495747089386,0.41908684372901917,-3.1246682056462385,0.007435606942219231,-0.031213171437519675,0.0
269,0.5022158026695251,0.15809573233127594,0.4190869629383087,-3.124669530415743,0.007435610399084913,-0.03121123561200964,0.0
270,0.5022163987159729,0.15809620916843414,0.4190860688686371,-3.1246703735569787,0.007440522554567952,-0.031206688076111735,0.0
271,0.5022156834602356,0.15809500217437744,0.41908884048461914,-3.124668239187483,0.007432618192334983,-0.03120941412167433,0.0
272,0.5022182464599609,0.1580926477909088,0.41908547282218933,-3.1246685851821625,0.007438981320192939,-0.031218186074580892,0.0
273,0.5022165775299072,0.15809722244739532,0.4190892279148102,-3.124670336019104,0.007430325392879578,-0.03120832754201968,0.0
274,0.5022162795066833,0.15809811651706696,0.41908860206604004,-3.1246699409458176,0.007429967616514377,-0.031204501668904986,0.0
275,0.5022163391113281,0.15809699892997742,0.41909027099609375,-3.124671332742112,0.007430499168421312,-0.03120863149949138,0.0
276,0.5022165775299072,0.158097505569458,0.41909122467041016,-3.1246665127186226,0.007426665425399603,-0.031209446910695427,0.0
277,0.5022156238555908,0.1580979973077774,0.41908979415893555,-3.124668589348421,0.007432977459107537,-0.031206890561899747,0.0
278,0.5022194385528564,0.15808703005313873,0.4190903902053833,-3.1246664116290668,0.007432792390067222,-0.03123379339740566,0.0
279,0.5022214651107788,0.15808521211147308,0.4190906286239624,-3.1246657042227732,0.007431889328401109,-0.031233202412584878,0.0
280,0.5022183060646057,0.1580873429775238,0.4190875291824341,-3.1246688548702113,0.007439610020973042,-0.03122622215877878,0.0
281,0.5022210478782654,0.15808017551898956,0.4190883934497833,-3.124671078765183,0.007436310201850649,-0.031241268215359483,0.0
282,0.5022192597389221,0.15808263421058655,0.4190865159034729,-3.1246723618704184,0.007441029551406464,-0.03123737396579577,0.0
283,0.5022193193435669,0.15808378159999847,0.41908693313598633,-3.1246723047564995,0.007439974692601048,-0.031233689344132995,0.0
284,0.5022191405296326,0.158086895942688,0.41908690333366394,-3.124669386639997,0.007444002444265019,-0.03122754659118536,0.0
285,0.5022209882736206,0.1580832600593567,0.41909101605415344,-3.124668858624745,0.0074307741779926495,-0.0312327784321156,0.0
286,0.5022204518318176,0.1580818146467209,0.4190894663333893,-3.1246675327797537,0.007434400875972802,-0.031233478502482218,0.0
287,0.5022194981575012,0.15808671712875366,0.41908973455429077,-3.1246698863955955,0.007433590134634516,-0.031231335475755247,0.0
288,0.5022186636924744,0.15808793902397156,0.4190899729728699,-3.1246679567683575,0.007436340276264053,-0.0312235887031972,0.0
289,0.5022203922271729,0.15808135271072388,0.4190881550312042,-3.1246684515698395,0.007440015330190786,-0.03124233900577946,0.0
290,0.5022204518318176,0.15808118879795074,0.4190874695777893,-3.1246669884775025,0.007442517431814233,-0.03124213731230749,0.0
291,0.502219557762146,0.15808455646038055,0.4190894067287445,-3.124669550014029,0.007435256686046943,-0.031226552131633754,0.0
292,0.5022202730178833,0.15808315575122833,0.41908910870552063,-3.124666065452499,0.00743895383688864,-0.03123604945853893,0.0
293,0.5022193789482117,0.15808261930942535,0.41908571124076843,-3.12466822966884,0.0074458289431937885,-0.031231622460873985,0.0
294,0.5022197961807251,0.15808171033859253,0.41908735036849976,-3.1246701573404936,0.007441685296685208,-0.03123990810983821,0.0
295,0.5022192001342773,0.15808524191379547,0.4190864861011505,-3.1246691648943865,0.007440795156670621,-0.03122947265272913,0.0
296,0.5022205114364624,0.1580837219953537,0.41909024119377136,-3.1246688272182466,0.0074355500036042965,-0.03123610716063976,0.0
297,0.5022188425064087,0.15808433294296265,0.41908758878707886,-3.124668613102874,0.007440778833439854,-0.03123621484113771,0.0
298,0.5022203326225281,0.15808555483818054,0.4190884530544281,-3.1246667707330733,0.007435441280784216,-0.031230797903775292,0.0
299,0.5022197365760803,0.15808150172233582,0.41908785700798035,-3.1246710590769626,0.00744055967490409,-0.031238661941672147,0.0
300,0.5022192001342773,0.1580861508846283,0.41908979415893555,-3.124666636442792,0.007436610849695491,-0.031229848807708585,0.0
301,0.5022205710411072,0.1580841988325119,0.4190882742404938,-3.124666156519051,0.007438090185426516,-0.031233609786238722,0.0
302,0.5022205114364624,0.15808074176311493,0.4190881550312042,-3.12466868029733,0.007440319169099485,-0.031241957336235724,0.0
303,0.5022189617156982,0.15808402001857758,0.41908586025238037,-3.124670604793249,0.007446028783251402,-0.031235295006531223,0.0
304,0.5022202134132385,0.1580818146467209,0.4190881550312042,-3.1246697935520147,0.0074397927378726525,-0.031240472210299856,0.0
305,0.5022199153900146,0.15808427333831787,0.41909006237983704,-3.124666407372824,0.007436204817876657,-0.031238353692398524,0.0
306,0.5022196769714355,0.158086359500885,0.4190922677516937,-3.124667489212976,0.007431065189360764,-0.031232994380626218,0.0
307,0.5022227764129639,0.1580701321363449,0.41908904910087585,-3.1246687240191076,0.007440859484603823,-0.031259993074815286,0.0
308,0.5022175312042236,0.15808270871639252,0.4190827012062073,-3.124675378281537,0.007453141803890784,-0.03123572941005774,0.0
309,0.50221848487854,0.15808254480361938,0.4190870225429535,-3.124671859888613,0.0074447540340079055,-0.03123501991543853,0.0
310,0.5022209286689758,0.1580783724784851,0.4190850257873535,-3.124674100455692,0.00744503504207894,-0.031238735972331986,0.0
311,0.5022194981575012,0.1580786257982254,0.4190855324268341,-3.1246717990162556,0.007449327990583177,-0.03124327841533029,0.0
312,0.502219557762146,0.15807917714118958,0.4190870225429535,-3.124672392035472,0.007444681435316847,-0.03123765980587317,0.0
313,0.5022204518318176,0.15808002650737762,0.4190866947174072,-3.124669722766013,0.007446500984322979,-0.031243845901894655,0.0
314,0.5022186636924744,0.15808068215847015,0.4190836548805237,-3.124673621973268,0.007451351592313582,-0.031240094392250284,0.0
315,0.5022199749946594,0.15807868540287018,0.41908401250839233,-3.124673589256394,0.007448870832415633,-0.031239942041713896,0.0
316,0.5022192597389221,0.1580793410539627,0.4190877377986908,-3.1246736020279156,0.007440951815616659,-0.03123807208653255,0.0
317,0.5022197365760803,0.15808045864105225,0.41908782720565796,-3.124671953564499,0.00744120418133809,-0.03123804891784147,0.0
318,0.5022211074829102,0.15807752311229706,0.419086217880249,-3.124668190456316,0.007446078924512989,-0.03124860245022564,0.0
319,0.5022196173667908,0.15807968378067017,0.419087678194046,-3.124669622228878,0.007444698436390285,-0.031237142751990948,0.0
320,0.5022218823432922,0.1580750048160553,0.41908758878707886,-3.124669035289631,0.007443155368275001,-0.0312516289545909,0.0
321,0.5022207498550415,0.15807852149009705,0.4190877676010132,-3.124667998348811,0.007445066535262557,-0.031245010093024026,0.0
322,0.5022209882736206,0.15807637572288513,0.4190853536128998,-3.1246706291990543,0.007448501482198333,-0.03125429958802446,0.0
323,0.5022202730178833,0.15807737410068512,0.4190866947174072,-3.124670998293694,0.007444924996157454,-0.031240317792575266,0.0
324,0.5022208094596863,0.15807786583900452,0.4190875291824341,-3.1246715385241504,0.00744539308990233,-0.031242860013558908,0.0
325,0.5022206902503967,0.15807899832725525,0.41908663511276245,-3.1246709767056506,0.0074469924643896235,-0.031244855885593167,0.0
326,0.502220630645752,0.1580774337053299,0.4190866947174072,-3.1246743906229546,0.007443306306748276,-0.031241370346814856,0.0
327,0.5022194385528564,0.15807941555976868,0.4190855026245117,-3.124673067969537,0.0074453836247394545,-0.031242418788558643,0.0
328,0.5022212862968445,0.15807649493217468,0.41908833384513855,-3.124670041208846,0.007441496562234251,-0.03125058511172274,0.0
329,0.5022205114364624,0.1580762267112732,0.4190860986709595,-3.124671545769122,0.007447409547050254,-0.03125012348202457,0.0
330,0.5022200345993042,0.15807785093784332,0.41908586025238037,-3.1246705925499314,0.007447195325348099,-0.031244893713526865,0.0
331,0.5022183656692505,0.15808194875717163,0.4190867245197296,-3.1246721905051427,0.007447957710839281,-0.031236830463021014,0.0
332,0.5022202730178833,0.1580784171819687,0.4190857708454132,-3.1246718210099322,0.0074488993177410645,-0.031241479227478327,0.0
333,0.5022196769714355,0.1580793708562851,0.41908857226371765,-3.1246688718727422,0.0074410986777371235,-0.031244111948598514,0.0
334,0.5022196769714355,0.15807995200157166,0.4190877676010132,-3.1246710768267576,0.007444263935072248,-0.03123889514007826,0.0
335,0.5022210478782654,0.15807761251926422,0.4190898835659027,-3.1246689299507975,0.00743741719048252,-0.03124764481144293,0.0
336,0.50222247838974,0.1580764502286911,0.41908982396125793,-3.1246686890757385,0.007439418350803528,-0.0312513761903459,0.0
337,0.502220630645752,0.1580781638622284,0.4190877377986908,-3.1246735399695496,0.007445023704910403,-0.031238342857387694,0.0
338,0.5022218823432922,0.1580759882926941,0.419089674949646,-3.1246692880236817,0.007440513853246733,-0.031246766915788718,0.0
339,0.5022205114364624,0.15807810425758362,0.4190882444381714,-3.1246736689555146,0.007442103832006497,-0.031240208185726946,0.0
340,0.5022206902503967,0.15807847678661346,0.41908586025238037,-3.1246684435547176,0.0074459541689397835,-0.031244285315266667,0.0
341,0.502221405506134,0.15807771682739258,0.41908809542655945,-3.124666529469883,0.007441899990336731,-0.031252807350731375,0.0
342,0.5022189021110535,0.15808027982711792,0.41908392310142517,-3.124673542616613,0.007451344040430019,-0.03123982596094461,0.0
343,0.502220630645752,0.15807874500751495,0.419089138507843,-3.1246679750711808,0.007440177040807683,-0.03124026104336514,0.0
344,0.5022218823432922,0.15807659924030304,0.4190870225429535,-3.1246684327922,0.007442860393718886,-0.031246645167827523,0.0
345,0.5022213459014893,0.15807445347309113,0.4190889596939087,-3.1246687597649028,0.007441380010663634,-0.031251121453681224,0.0
346,0.5022187829017639,0.15808217227458954,0.4190848469734192,-3.1246715736056143,0.007450271787427631,-0.03123754613510044,0.0
347,0.5022199749946594,0.15807774662971497,0.419084370136261,-3.1246756582911224,0.007451620976062667,-0.03123776226433916,0.0
348,0.5022181868553162,0.1580832302570343,0.4190843999385834,-3.12467391822801,0.0074506343497013905,-0.031228576428338723,0.0
349,0.5022202730178833,0.1580791175365448,0.41908711194992065,-3.1246705444974374,0.0074446295848245025,-0.031237478292230475,0.0
350,0.5022205114364624,0.15806953608989716,0.41908034682273865,-3.124674851414876,0.007464477643505996,-0.031256065014301414,0.0
351,0.5022215247154236,0.15807215869426727,0.419082373380661,-3.1246702735847327,0.007455046386897868,-0.03125639220459702,0.0
352,0.5022221207618713,0.1580718457698822,0.41908469796180725,-3.1246755115167386,0.0074502866988599425,-0.0312567760666434,0.0
353,0.5022217035293579,0.15807326138019562,0.419086754322052,-3.124669453205124,0.0074480067537829875,-0.03125772638768381,0.0
354,0.5022210478782654,0.1580733060836792,0.4190843105316162,-3.12467292850079,0.007452846321910567,-0.03124995971043277,0.0
355,0.5022215247154236,0.15807324647903442,0.41908660531044006,-3.124672095600103,0.007448858493681376,-0.03125312678980265,0.0
356,0.5022240281105042,0.1580687016248703,0.4190872013568878,-3.1246674808044794,0.007448083946505424,-0.031263263044653156,0.0
357,0.5022217035293579,0.15807312726974487,0.4190896451473236,-3.124672722533005,0.007439839350182664,-0.03125073203426469,0.0
358,0.5022218227386475,0.15807367861270905,0.4190874695777893,-3.1246707794844655,0.007447562191857937,-0.031255578317895924,0.0
359,0.5022221803665161,0.1580692082643509,0.41908618807792664,-3.1246704815026067,0.007449125299557435,-0.031261039721261936,0.0
360,0.502221941947937,0.1580720841884613,0.41908538341522217,-3.1246727989071235,0.007451105491385057,-0.03125297629952741,0.0
361,0.5022236704826355,0.15806865692138672,0.4190877377986908,-3.124667926210409,0.0074464253003951875,-0.03126527533606542,0.0
362,0.5022233724594116,0.15806901454925537,0.41908493638038635,-3.1246706258806656,0.007451680913832082,-0.03126584064256197,0.0
363,0.5022231340408325,0.1580692082643509,0.4190855920314789,-3.1246737984640296,0.007449586794459284,-0.0312584108775847,0.0
364,0.5022234916687012,0.1580696702003479,0.4190855324268341,-3.1246711905200706,0.007449636547543159,-0.03125870246623005,0.0
365,0.502223014831543,0.15807116031646729,0.419090211391449,-3.1246672047235085,0.007439616907723323,-0.03126318839864694,0.0
366,0.5022226572036743,0.15806850790977478,0.41908326745033264,-3.1246770275108395,0.007454534017610648,-0.031262862227728595,0.0
367,0.5022228360176086,0.1580691933631897,0.41908276081085205,-3.124671275966994,0.007456517186782419,-0.03126303820069486,0.0
368,0.5022240281105042,0.15806740522384644,0.4190875291824341,-3.1246690095147303,0.007448536688759111,-0.03126895856280758,0.0
369,0.502223551273346,0.15806590020656586,0.419085294008255,-3.1246719914032584,0.007455034768408808,-0.03126628670391915,0.0
370,0.5022227764129639,0.158071368932724,0.4190864861011505,-3.12467027700366,0.007449424882928879,-0.03125539306077471,0.0
371,0.5022231340408325,0.15806947648525238,0.41908279061317444,-3.124671193827936,0.007456265846659704,-0.03125827761345728,0.0
372,0.5022220611572266,0.15806901454925537,0.4190857708454132,-3.124673426426123,0.007446550117805373,-0.03126079310207879,0.0
373,0.5022218823432922,0.15807023644447327,0.4190867841243744,-3.124670325588431,0.007451544141926947,-0.03126431343402456,0.0
374,0.5022226572036743,0.1580708622932434,0.4190884530544281,-3.124668724556694,0.007445427348854006,-0.031262746308759415,0.0
375,0.5022228956222534,0.15806731581687927,0.41908204555511475,-3.124673511840598,0.007459399011353396,-0.03126357718121536,0.0
376,0.5022245645523071,0.1580674946308136,0.4190859794616699,-3.1246676756754734,0.00744840100090749,-0.031268511469051165,0.0
377,0.5022215247154236,0.15807312726974487,0.4190879762172699,-3.124671174150703,0.007446075972272537,-0.03124947033284045,0.0
378,0.5022231936454773,0.158067986369133,0.41908514499664307,-3.124670614274218,0.007451628986192338,-0.03126744278540639,0.0
379,0.50222247838974,0.15807229280471802,0.419086217880249,-3.1246710385679175,0.007447859976017268,-0.03126037082868294,0.0
380,0.5022234320640564,0.15806837379932404,0.4190885126590729,-3.124668789305139,0.007443871986855699,-0.03126415285889474,0.0
381,0.5022228956222534,0.15806853771209717,0.4190836250782013,-3.124670333542104,0.00745359405389423,-0.0312580772387075,0.0
382,0.5022228956222534,0.15807309746742249,0.41908761858940125,-3.1246684529972186,0.0074468559159228676,-0.03125708797776205,0.0
383,0.5022233128547668,0.15806685388088226,0.41908615827560425,-3.1246720464700117,0.007449317654971255,-0.031268559099948585,0.0
384,0.5022244453430176,0.15806707739830017,0.41908562183380127,-3.1246715061767976,0.007449262296233883,-0.031263770940553555,0.0
385,0.5022245049476624,0.1580657660961151,0.41908740997314453,-3.1246735990053094,0.007448201596415904,-0.03126595938012585,0.0
386,0.502223789691925,0.15806740522384644,0.4190884530544281,-3.1246694710686573,0.007444014107184094,-0.031269052558917744,0.0
387,0.5022229552268982,0.1580713391304016,0.4190862476825714,-3.1246682254190588,0.007448583259985764,-0.03125825706028594,0.0
388,0.5022236704826355,0.15807032585144043,0.4190899729728699,-3.124669161915311,0.007442622274905331,-0.031255628995833125,0.0
389,0.502224326133728,0.15806636214256287,0.4190841615200043,-3.1246695151965196,0.00745174116011893,-0.03126446892198992,0.0
390,0.5022242069244385,0.15806551277637482,0.41908496618270874,-3.124673650950759,0.007449668182670566,-0.03126924750971588,0.0
391,0.5022229552268982,0.1580696403980255,0.41908442974090576,-3.12467191059511,0.007451944651282627,-0.031262066055756245,0.0
392,0.502221941947937,0.15806856751441956,0.41908472776412964,-3.1246722745032365,0.007452538634974415,-0.03126374980800396,0.0
393,0.5022220015525818,0.1580694615840912,0.41908422112464905,-3.1246738071164772,0.007455286552663809,-0.03125981916342625,0.0
394,0.5022231340408325,0.15806865692138672,0.4190852642059326,-3.124670187603737,0.007450103056537483,-0.031257052061115925,0.0
395,0.5022229552268982,0.15807011723518372,0.41908732056617737,-3.124668984868589,0.0074473264010606055,-0.03126314840699695,0.0
396,0.5022229552268982,0.1580711156129837,0.41908830404281616,-3.124670560111074,0.007447305725622799,-0.03125827284071583,0.0
397,0.5022232532501221,0.15806944668293,0.4190872609615326,-3.124669287087011,0.007446255973947213,-0.031260985052638406,0.0
398,0.5022229552268982,0.15806983411312103,0.4190831780433655,-3.124672390207892,0.007454965285355719,-0.031259853849285674,0.0
399,0.5022225975990295,0.15807346999645233,0.4190850555896759,-3.1246720954508347,0.007452918874081282,-0.031250555715916846,0.0
0,0.5017310380935669,0.18126019835472107,0.4361954927444458,-3.1253802660191927,0.007751873358597505,0.011655090294003214,0.0
1,0.5017297267913818,0.18126177787780762,0.4361950755119324,-3.12538142891917,0.00775371666298974,0.011656483774632305,0.0
2,0.5022879838943481,0.17969687283039093,0.4362129867076874,-3.125238848760038,0.007776865528747345,0.00857483057844426,0.0
3,0.5026180744171143,0.1787649393081665,0.43622684478759766,-3.125151722571686,0.007782314441184379,0.006732722348296164,0.0
4,0.502799391746521,0.1782553791999817,0.4362320303916931,-3.125106352089524,0.007784964866764277,0.005733563249023605,0.0
5,0.5029270648956299,0.17788901925086975,0.4362368583679199,-3.1250753486725786,0.007788743390595876,0.005015314982887702,0.0
6,0.5030643939971924,0.17749625444412231,0.43624186515808105,-3.125038559480862,0.0077944393903977005,0.004235431644228626,0.0
7,0.5032699704170227,0.1769075095653534,0.43624576926231384,-3.12498598311529,0.007803494590043369,0.00308188854076763,0.0
8,0.503535807132721,0.17614592611789703,0.43625470995903015,-3.124918457900377,0.00781225126206242,0.0015797665023047434,0.0
9,0.5038481950759888,0.17523398995399475,0.4362606108188629,-3.1248439989021617,0.007830365344283496,-0.00021102093065974344,0.0
10,0.5039529800415039,0.1749393790960312,0.43628227710723877,-3.1248067768270427,0.007795394721144877,-0.0007890463044800978,0.0
11,0.5040149688720703,0.17475944757461548,0.43627581000328064,-3.1247921339934925,0.007812726805655812,-0.001147326005622994,0.0
12,0.5040550231933594,0.1746392846107483,0.4362724721431732,-3.1247821588056865,0.007827855214513901,-0.0013826131776427798,0.0
13,0.504104733467102,0.1744958460330963,0.4362770915031433,-3.1247690504291112,0.00781982441152218,-0.0016590812419676941,0.0
14,0.5041570663452148,0.17434300482273102,0.436278760433197,-3.12475628158464,0.007820367062965516,-0.001965352589913895,0.0
15,0.5041903853416443,0.1742454618215561,0.43627768754959106,-3.1247470685730736,0.00782598897215303,-0.0021478119203173144,0.0
16,0.5042182803153992,0.17416661977767944,0.4362834393978119,-3.1247401969738475,0.007817569207868802,-0.002310145874801179,0.0
17,0.5042467713356018,0.17408455908298492,0.4362832009792328,-3.1247321095593397,0.007822869704032787,-0.0024690866706832734,0.0
18,0.5042508840560913,0.1740734726190567,0.4362833499908447,-3.124731405475703,0.007819439303037301,-0.002495413104778061,0.0
19,0.5042553544044495,0.17405761778354645,0.436282753944397,-3.1247284173535275,0.007822915329988911,-0.0025268089914785618,0.0
20,0.5042606592178345,0.17404450476169586,0.4362863004207611,-3.1247274830356635,0.007815481784132716,-0.002546551660921639,0.0
21,0.5042654275894165,0.1740284562110901,0.4362848103046417,-3.124724853061,0.007818999435912799,-0.002578062457758718,0.0
22,0.5042784214019775,0.1739911139011383,0.4362837076187134,-3.1247215157801516,0.0078232667752407,-0.002657034048783442,0.0
23,0.504296600818634,0.1739378422498703,0.4362829923629761,-3.1247160343575415,0.007824475000725473,-0.002759290099632888,0.0
24,0.5043069124221802,0.17390769720077515,0.4362834692001343,-3.124716626695312,0.00782607538543001,-0.0028137306903445523,0.0
25,0.5043210387229919,0.17386358976364136,0.4362848103046417,-3.124712126624806,0.00782393374115986,-0.002900926126814172,0.0
26,0.5043265223503113,0.1738472282886505,0.4362877607345581,-3.124712656140554,0.007822687369645642,-0.0029332126790781337,0.0
27,0.5043362379074097,0.17382487654685974,0.43628641963005066,-3.124707279559927,0.007821668094226242,-0.0029845231274958023,0.0
28,0.5043451189994812,0.1737947165966034,0.43628522753715515,-3.1247035784379356,0.007826822575995651,-0.0030451269965909387,0.0
29,0.5043680667877197,0.1737290769815445,0.4362868666648865,-3.124697988333781,0.007825192562322947,-0.003173264398829587,0.0
30,0.5044035315513611,0.1736266016960144,0.43629300594329834,-3.1246937276343187,0.007812502824040113,-0.0033663415989358173,0.0
31,0.504440188407898,0.17352265119552612,0.43629100918769836,-3.1246795076701335,0.007822146214704784,-0.0035730088079595377,0.0
32,0.5044705271720886,0.17342931032180786,0.4362873435020447,-3.1246762752735617,0.007831960578942976,-0.003750794761118842,0.0
33,0.5045093894004822,0.17331495881080627,0.4362911880016327,-3.1246607310109478,0.007830801087855832,-0.003982176036048493,0.0
34,0.5045171976089478,0.1732933074235916,0.4362913966178894,-3.1246633979954903,0.007830817906748555,-0.004018514321401476,0.0
35,0.5045294761657715,0.17325842380523682,0.4362909495830536,-3.1246587085639446,0.007832523740397335,-0.0040903381336219406,0.0
36,0.5045421123504639,0.1732199490070343,0.4362920820713043,-3.124655637006974,0.007829214193663558,-0.004160588569126225,0.0
37,0.5045609474182129,0.17316564917564392,0.4362950325012207,-3.1246496864497932,0.007824636572968835,-0.004273626152427516,0.0
38,0.5045851469039917,0.17309530079364777,0.43629637360572815,-3.124643638014114,0.007824008268028981,-0.004413146018245667,0.0
39,0.5046048164367676,0.1730228066444397,0.4362788796424866,-3.1246502581941664,0.007869558208436933,-0.004549702748074504,0.0
40,0.5046316981315613,0.17294897139072418,0.4362807273864746,-3.124638261176986,0.007864731706561212,-0.004691092746253045,0.0
41,0.504650354385376,0.1729041486978531,0.43629783391952515,-3.124623461534295,0.007829539393693352,-0.004793720980670722,0.0
42,0.5046519637107849,0.17289400100708008,0.4362984001636505,-3.1246224136304037,0.007832685678771378,-0.004805300520055186,0.0
43,0.5046583414077759,0.17287930846214294,0.4363011121749878,-3.124622828886251,0.007822353552593198,-0.004837119696305547,0.0
44,0.5046623349189758,0.17286716401576996,0.4363016188144684,-3.1246226677214572,0.007821753360847339,-0.004856290159169139,0.0
45,0.5046655535697937,0.1728554219007492,0.43629905581474304,-3.1246240486024326,0.007827293670175095,-0.004878988942192168,0.0
46,0.5046706199645996,0.17284038662910461,0.4363001883029938,-3.1246219636855206,0.007828799988542023,-0.004915252233685942,0.0
47,0.5046759247779846,0.1728290170431137,0.436300665140152,-3.1246177687636427,0.007826333070720448,-0.004940510586221296,0.0
48,0.5046800971031189,0.17281188070774078,0.4362976551055908,-3.124618771492007,0.007832824059960553,-0.004968229623548347,0.0
49,0.5046917796134949,0.1727777123451233,0.43629688024520874,-3.124616670477316,0.007835901787232036,-0.005033349648241206,0.0
50,0.5046961307525635,0.17276567220687866,0.4362988770008087,-3.124613282544029,0.0078329034089486,-0.005059564718530237,0.0
51,0.504701554775238,0.17275066673755646,0.4362960457801819,-3.1246157353740056,0.007839817613353839,-0.005089518310433935,0.0
52,0.5047071576118469,0.1727350354194641,0.4362993538379669,-3.1246119940152233,0.00783381931214433,-0.005115225961871651,0.0
53,0.50471031665802,0.1727277636528015,0.4363009035587311,-3.1246078623898135,0.007831054510821556,-0.00513453476598793,0.0
54,0.5047124028205872,0.1727202832698822,0.43630337715148926,-3.124608938122124,0.007826350096304502,-0.005147399566845987,0.0
55,0.5047163367271423,0.17270560562610626,0.4362986981868744,-3.124611658142518,0.007832301694522537,-0.005169590157594837,0.0
56,0.5047205090522766,0.172696053981781,0.4362984895706177,-3.1246077009470032,0.007836741248946844,-0.0051937503021702155,0.0
57,0.5047301650047302,0.17266777157783508,0.4363013207912445,-3.1246056752932074,0.007829879456937139,-0.005252064053379792,0.0
58,0.5047298669815063,0.17266704142093658,0.4363006055355072,-3.124606206644525,0.007831956826079622,-0.005250801398437484,0.0
59,0.5047324299812317,0.17265932261943817,0.436297744512558,-3.124604769500094,0.0078400811058279,-0.005270050469785804,0.0
60,0.5047340989112854,0.1726514846086502,0.43629738688468933,-3.124607180290294,0.007840200437886358,-0.005283423923482627,0.0
61,0.504740297794342,0.17263509333133698,0.4362972378730774,-3.124606720816212,0.007840428538041344,-0.005314086463268528,0.0
62,0.5047470331192017,0.17261497676372528,0.43630045652389526,-3.124600914288635,0.007835917092004818,-0.005351902525516887,0.0
63,0.5047512054443359,0.1726011037826538,0.4363006055355072,-3.1245999605491153,0.00783631491036596,-0.00538466749362139,0.0
64,0.5047551393508911,0.1725907027721405,0.4363013803958893,-3.1245997042802443,0.007833598504865646,-0.005400521756819698,0.0
65,0.5047629475593567,0.17256709933280945,0.4363020658493042,-3.124597815627959,0.00783290724331076,-0.005446918578450363,0.0
66,0.5047664642333984,0.17256087064743042,0.43630221486091614,-3.1245948803490067,0.00783040657561096,-0.005466088598420619,0.0
67,0.5047665238380432,0.17255833745002747,0.4363043010234833,-3.1245972834649556,0.00782585978292838,-0.005461005921580253,0.0
68,0.504769504070282,0.17254900932312012,0.4363017976284027,-3.1245969591122154,0.00783358367270015,-0.00548054167228751,0.0
69,0.5047699809074402,0.1725490242242813,0.4363027513027191,-3.124593207108062,0.007832928062833977,-0.005483667505010786,0.0
70,0.5047726631164551,0.172540083527565,0.4363023042678833,-3.124595362845214,0.007831899612919635,-0.005498362453104162,0.0
71,0.5047740340232849,0.17253799736499786,0.43630269169807434,-3.1245931659578767,0.007830432706962265,-0.005506086225475553,0.0
72,0.5047739744186401,0.17253771424293518,0.43630069494247437,-3.124590210861685,0.007835624666310936,-0.005507883920910878,0.0
73,0.5047770738601685,0.17252813279628754,0.436301589012146,-3.1245944952712543,0.007835683906928681,-0.005522214737605188,0.0
74,0.5047781467437744,0.17252695560455322,0.4363044202327728,-3.1245907334794807,0.007827923848097829,-0.0055269055372898215,0.0
75,0.504787802696228,0.1724960207939148,0.4363039433956146,-3.1245915034951737,0.007831194156115329,-0.005584770547643845,0.0
76,0.5047914385795593,0.17248551547527313,0.43630334734916687,-3.1245893278435766,0.007833403105061532,-0.005608624112376537,0.0
77,0.5047938823699951,0.1724759340286255,0.43630120158195496,-3.124587895262729,0.007838442429155545,-0.005628718633331261,0.0
78,0.5047965049743652,0.17246921360492706,0.4363030195236206,-3.124589099260177,0.00783439399740482,-0.005642281579454935,0.0
79,0.5047999620437622,0.17246069014072418,0.43630117177963257,-3.1245841037678033,0.0078380347772522,-0.0056575042868690925,0.0
80,0.5048008561134338,0.1724560558795929,0.4363013505935669,-3.124588992152041,0.00783695302763232,-0.005665650838901243,0.0
81,0.5048057436943054,0.1724424660205841,0.43630173802375793,-3.12458812016707,0.00783805188242348,-0.005687854606147811,0.0
82,0.5048057436943054,0.17244215309619904,0.43630450963974,-3.1245846813702163,0.007834466382257377,-0.005688919400112418,0.0
83,0.50480717420578,0.17243967950344086,0.4363025426864624,-3.1245833254061006,0.007837909962514544,-0.005702581373697561,0.0
84,0.504805326461792,0.17244157195091248,0.4363013505935669,-3.1245872465945603,0.007836697517563218,-0.0056912109361231,0.0
85,0.5048089027404785,0.17243348062038422,0.4363017976284027,-3.124585604108768,0.00783456388658399,-0.005713289810543855,0.0
86,0.5048093199729919,0.1724316030740738,0.4363030195236206,-3.1245858731779057,0.007835412787701834,-0.00571003646096456,0.0
87,0.5048097372055054,0.17242951691150665,0.4363035559654236,-3.124587404223231,0.007833422599347717,-0.005717190801674226,0.0
88,0.5048102736473083,0.17242777347564697,0.43630409240722656,-3.1245856289533678,0.007834303236938123,-0.005722458909396432,0.0
89,0.5048103332519531,0.17242705821990967,0.4363001585006714,-3.1245856235538567,0.00783980430071729,-0.005725143785467827,0.0
90,0.5048114657402039,0.17242272198200226,0.4362980127334595,-3.1245848740267883,0.007847032583435443,-0.005724897761116773,0.0
91,0.5048131346702576,0.17242322862148285,0.43630319833755493,-3.1245840106816605,0.007833534815446352,-0.005727383668453915,0.0
92,0.5048121809959412,0.17242415249347687,0.4363050162792206,-3.124584157261632,0.007831811078633732,-0.005727072926455976,0.0
93,0.5048131942749023,0.17241951823234558,0.436303973197937,-3.124586313166889,0.007834147728475127,-0.005738902804234441,0.0
94,0.5048151612281799,0.172414630651474,0.4363032877445221,-3.124582801303383,0.007835313102730668,-0.00574305861072843,0.0
95,0.5048142075538635,0.17241472005844116,0.4363008737564087,-3.124585838350813,0.007840199972776407,-0.005749239257892438,0.0
96,0.5048149228096008,0.17241336405277252,0.4363044500350952,-3.1245822490406274,0.007832514626701315,-0.005752481857466905,0.0
97,0.5048172473907471,0.1724085956811905,0.43630334734916687,-3.124580181212344,0.00783585538719933,-0.005756381146634554,0.0
98,0.5048160552978516,0.17241139709949493,0.43630364537239075,-3.1245845577245666,0.007830846453662499,-0.0057458561112846964,0.0
99,0.5048176646232605,0.1724073737859726,0.4363051950931549,-3.1245822447973417,0.007828881664077914,-0.005763843076023146,0.0
100,0.50481778383255,0.17240680754184723,0.4363020658493042,-3.124584365743775,0.007838786799888586,-0.005762120963114021,0.0
101,0.5048172473907471,0.17240817844867706,0.4363017976284027,-3.124585825003347,0.007838904585618423,-0.0057598736541586105,0.0
102,0.5048179626464844,0.1724051684141159,0.4363040030002594,-3.1245815507984673,0.007835776273806605,-0.005761340155593616,0.0
103,0.5048202872276306,0.17240318655967712,0.43630459904670715,-3.1245827892017966,0.007833572133994826,-0.005769085655937749,0.0
104,0.5048217177391052,0.17239676415920258,0.43630263209342957,-3.1245815840159676,0.007834846756908265,-0.005773831202788174,0.0
105,0.5048224925994873,0.17239084839820862,0.4363033175468445,-3.1245827617359443,0.007836198458096577,-0.00579009097794346,0.0
106,0.5048234462738037,0.17238999903202057,0.43630632758140564,-3.124581322356257,0.00783095238522713,-0.005789793274557668,0.0
107,0.5048229098320007,0.17238761484622955,0.4363018870353699,-3.124582059712965,0.00783852720262801,-0.0057986549713899905,0.0
108,0.5048242211341858,0.17238779366016388,0.4363063871860504,-3.124578718970627,0.007830009507806546,-0.005799924175620752,0.0
109,0.5048264265060425,0.17238514125347137,0.43630605936050415,-3.1245772967705725,0.007830843579784252,-0.005806177231388543,0.0
110,0.5048270225524902,0.17238183319568634,0.4363076686859131,-3.124575314748576,0.007826650556953973,-0.005814468169276633,0.0
111,0.5048276782035828,0.17237898707389832,0.43630558252334595,-3.124578299623038,0.007830663249012826,-0.005818877120823038,0.0
112,0.5048277378082275,0.17237991094589233,0.43630367517471313,-3.1245789353512254,0.007834967286532768,-0.005812500903165999,0.0
113,0.5048295855522156,0.17237240076065063,0.4363049566745758,-3.124580136024122,0.007830911627451531,-0.005828175302255425,0.0
114,0.5048292875289917,0.1723715215921402,0.4363016188144684,-3.1245799661465967,0.007842084275576866,-0.005833334210273935,0.0
115,0.5048298239707947,0.17237302660942078,0.4363034963607788,-3.124580757841082,0.00783631297774634,-0.005829096565747193,0.0
116,0.5048298239707947,0.17237237095832825,0.4363044202327728,-3.1245793322864186,0.007835552185617711,-0.005832345102007629,0.0
117,0.5048289895057678,0.17237263917922974,0.4363028109073639,-3.124580213834131,0.007836901043058342,-0.00582862654604938,0.0
118,0.5048311948776245,0.1723678857088089,0.4363057613372803,-3.1245802396500273,0.00783161071493188,-0.005831070365725626,0.0
119,0.5048320293426514,0.17236532270908356,0.4363073706626892,-3.1245786025285636,0.00782894415147073,-0.0058411718649644265,0.0
120,0.5048322081565857,0.17236454784870148,0.43630263209342957,-3.1245793731704157,0.007839241951449694,-0.005839555192569149,0.0
121,0.5048345923423767,0.17235895991325378,0.4363059401512146,-3.124576343627366,0.007830329709868744,-0.005854044971579329,0.0
122,0.5048345327377319,0.1723599135875702,0.43630802631378174,-3.1245764914125136,0.007825440262572814,-0.005849297636328927,0.0
123,0.5048326849937439,0.17236082255840302,0.4363032877445221,-3.1245796651375537,0.007834823531567503,-0.005850813544184898,0.0
124,0.5048326253890991,0.17236484587192535,0.4363030791282654,-3.12457656301685,0.007834872220459088,-0.0058400894128478485,0.0
125,0.5048334002494812,0.1723603457212448,0.43630361557006836,-3.1245802091243564,0.007836075861402003,-0.005848004424830916,0.0
126,0.5048344731330872,0.17235690355300903,0.43630412220954895,-3.124579305685661,0.007836446238039363,-0.005859592226273771,0.0
127,0.5048351287841797,0.17235812544822693,0.4363061487674713,-3.1245776274020463,0.007827575153271926,-0.005865260455834552,0.0
128,0.5048351883888245,0.17235448956489563,0.43630465865135193,-3.1245813607526647,0.007834702569455398,-0.005865809115742072,0.0
129,0.5048319101333618,0.17235451936721802,0.4362916648387909,-3.124587942912535,0.007862607010854283,-0.005860815928543573,0.0
130,0.504837691783905,0.17234785854816437,0.43630802631378174,-3.124575198425123,0.00782838772489236,-0.0058824801236063715,0.0
131,0.504837155342102,0.17234741151332855,0.4363023340702057,-3.124576032405978,0.007840099135339784,-0.005880701705070839,0.0
132,0.5048379898071289,0.17234766483306885,0.4363057613372803,-3.1245753029770413,0.007834253711331396,-0.00587861390869706,0.0
133,0.5048385262489319,0.17234745621681213,0.4363064765930176,-3.1245781345471557,0.007830798970561492,-0.005877032896148221,0.0
134,0.5048384070396423,0.17234592139720917,0.436303973197937,-3.1245757019417875,0.00783712634419409,-0.0058827323180712,0.0
135,0.5048387050628662,0.1723473221063614,0.43630513548851013,-3.124575212287271,0.007831958847245746,-0.0058785813901126235,0.0
136,0.504841148853302,0.17234037816524506,0.4363051652908325,-3.1245782764207046,0.007834023251041655,-0.005893715072418103,0.0
137,0.5048415660858154,0.17233584821224213,0.4363047778606415,-3.1245787086620145,0.007835371111407419,-0.005902974542129025,0.0
138,0.5048412084579468,0.17233775556087494,0.4363068640232086,-3.1245742969342003,0.007831647210343018,-0.00590074623241748,0.0
139,0.5048427581787109,0.17233599722385406,0.4363071620464325,-3.1245731276913897,0.007829782395978313,-0.00591131122106592,0.0
140,0.5048424005508423,0.17233264446258545,0.43630319833755493,-3.124574885090566,0.007839711790975867,-0.00591309912284133,0.0
141,0.5048438906669617,0.1723332405090332,0.43630799651145935,-3.1245719086387753,0.007830623029893458,-0.005909967915760365,0.0
142,0.5048427581787109,0.17233261466026306,0.43630504608154297,-3.1245753541601746,0.007834820145262267,-0.0059143356558358185,0.0
143,0.5048430562019348,0.17233192920684814,0.43630391359329224,-3.1245774712338488,0.007835918660290542,-0.005909048674276743,0.0
144,0.50484299659729,0.17232993245124817,0.43630290031433105,-3.124575306861791,0.007842106194917209,-0.005909128644838549,0.0
145,0.5048453211784363,0.17232394218444824,0.43630459904670715,-3.1245771665849067,0.007836916067798017,-0.005922289908478669,0.0
146,0.5048452019691467,0.17232534289360046,0.43630483746528625,-3.124577654823974,0.007839257807908506,-0.0059205814815983734,0.0
147,0.5048454403877258,0.17232459783554077,0.43630465865135193,-3.1245769479633236,0.007835799368810514,-0.005925332921244427,0.0
148,0.5048454999923706,0.17232470214366913,0.43630409240722656,-3.1245778620560007,0.00783699423675488,-0.005922414908243956,0.0
149,0.5048459768295288,0.1723242551088333,0.43630313873291016,-3.1245780702879595,0.007837943196381758,-0.005921601093761755,0.0
150,0.5048463344573975,0.17232410609722137,0.4363049268722534,-3.124573557784175,0.007833080505479373,-0.0059235219677321255,0.0
151,0.5048471093177795,0.17231963574886322,0.43630513548851013,-3.12457532729533,0.007834868782527815,-0.005928361407000002,0.0
152,0.5048475861549377,0.1723155677318573,0.43630316853523254,-3.1245779222516665,0.007837761864357251,-0.005938880059199281,0.0
153,0.5048494338989258,0.172312393784523,0.4363054633140564,-3.124573712405123,0.00783566603739394,-0.005946078939352586,0.0
154,0.5048506855964661,0.17230917513370514,0.4363032877445221,-3.124573528473804,0.00783674312993421,-0.00595060942897041,0.0
155,0.5048499703407288,0.1723116636276245,0.4363027513027191,-3.1245759446188726,0.007837831736010603,-0.005947496566235036,0.0
156,0.5048502683639526,0.1723102480173111,0.4363059401512146,-3.1245709759374316,0.007834815329262002,-0.0059537777987985095,0.0
157,0.5048515200614929,0.1723099648952484,0.43630579113960266,-3.124573183929392,0.007830281623192548,-0.005950296111159158,0.0
158,0.504851222038269,0.17230452597141266,0.4363018572330475,-3.124577179889765,0.007840653289264754,-0.00595685246342819,0.0
159,0.5048516392707825,0.17230330407619476,0.4363020956516266,-3.124575175361352,0.007840830259403964,-0.005967809747023428,0.0
160,0.5048514604568481,0.17230266332626343,0.4363013207912445,-3.124574955680134,0.007845739581629152,-0.0059645772060108486,0.0
161,0.5048580169677734,0.17229072749614716,0.43630632758140564,-3.1245732683274725,0.00783230663731449,-0.005995775533574827,0.0
162,0.5048559904098511,0.1722913384437561,0.4363027811050415,-3.1245743773877246,0.007841249331824507,-0.005987719703126256,0.0
163,0.504858672618866,0.17228975892066956,0.43630579113960266,-3.1245741721205516,0.007833453718895766,-0.005990252406093223,0.0
164,0.5048583745956421,0.17229078710079193,0.43630436062812805,-3.1245717678059943,0.007833702498141637,-0.005993468030506562,0.0
165,0.5048574209213257,0.17228832840919495,0.4363064765930176,-3.1245741147144366,0.00783359197463862,-0.005994987431731144,0.0
166,0.5048574209213257,0.1722884178161621,0.43630313873291016,-3.1245739779131814,0.007837026272177638,-0.00599690141765952,0.0
167,0.5048587918281555,0.17228524386882782,0.43630489706993103,-3.124572947387245,0.007837096919662168,-0.005999094319892305,0.0
168,0.5048593878746033,0.17228399217128754,0.4363040030002594,-3.124569980573552,0.007840006962228863,-0.006010034353561279,0.0
169,0.5048598051071167,0.17228421568870544,0.43630504608154297,-3.1245736560470263,0.007836269447924149,-0.005999950278450955,0.0
170,0.5048604011535645,0.17228259146213531,0.4363057315349579,-3.124573232297282,0.007833823667587003,-0.006007073735504315,0.0
171,0.5048603415489197,0.17228202521800995,0.4363066852092743,-3.124571470680151,0.007832542932726838,-0.006005780817460438,0.0
172,0.5048606991767883,0.17227987945079803,0.4363056421279907,-3.124571415640279,0.007834740473566137,-0.006015721387929654,0.0
173,0.5048669576644897,0.1722700148820877,0.4363146424293518,-3.124567888009273,0.007816051964414594,-0.006030616126671277,0.0
174,0.5048698782920837,0.17225110530853271,0.43630433082580566,-3.124567336212914,0.007838829398455704,-0.006068142235955848,0.0
175,0.5048709511756897,0.17224374413490295,0.43630120158195496,-3.1245730013915503,0.007846975334736328,-0.006081089440673249,0.0
176,0.5048745274543762,0.1722392737865448,0.4363057315349579,-3.1245668191733356,0.00783604712728847,-0.00609045783775205,0.0
177,0.5048754215240479,0.17223399877548218,0.4363049566745758,-3.124569199433085,0.007837935851958688,-0.0060951320979805166,0.0
178,0.5048777461051941,0.17223332822322845,0.4363074004650116,-3.1245673743482016,0.00782996685282833,-0.006101878545625434,0.0
179,0.5048768520355225,0.17223525047302246,0.43631061911582947,-3.1245630093089085,0.007826958240403581,-0.006103501119221666,0.0
180,0.5048771500587463,0.17223282158374786,0.4363066554069519,-3.124567231369451,0.007834361606200657,-0.006097141866819022,0.0
181,0.5048771500587463,0.1722291111946106,0.43630871176719666,-3.12456505038504,0.007832238813671344,-0.006110499536428095,0.0
182,0.5048784017562866,0.17222599685192108,0.43630728125572205,-3.124564570772421,0.007835982243255657,-0.0061116229986994865,0.0
183,0.5048816800117493,0.17222248017787933,0.4363081753253937,-3.124566954123976,0.007830866230911004,-0.006116844467898033,0.0
184,0.5048829317092896,0.17221571505069733,0.4363040030002594,-3.1245632396399157,0.0078408026820318,-0.006142016712889111,0.0
185,0.5048860907554626,0.17220433056354523,0.43630632758140564,-3.1245655276481314,0.007836848306164601,-0.006158612859577958,0.0
186,0.5048873424530029,0.17220105230808258,0.43630990386009216,-3.124560854489423,0.007829659149649393,-0.00617047983876716,0.0
187,0.5048877000808716,0.17220120131969452,0.43631115555763245,-3.124564028497624,0.007827768570401794,-0.006166770353976021,0.0
188,0.5048875212669373,0.17220130562782288,0.4363037049770355,-3.124567349397371,0.007841143820549012,-0.006165247769831527,0.0
189,0.5048883557319641,0.17219926416873932,0.4363049268722534,-3.124562355917185,0.00784065941541634,-0.0061730533088366416,0.0
190,0.5048868656158447,0.17220048606395721,0.43630629777908325,-3.124566287361728,0.007836895610498162,-0.006165647659722537,0.0
191,0.5048879384994507,0.1721988022327423,0.43630820512771606,-3.1245647537499486,0.007834268495550356,-0.006169440678370229,0.0
192,0.5048904418945312,0.17219319939613342,0.43630698323249817,-3.124566465507427,0.007835190324695374,-0.00618086721673255,0.0
193,0.5048896074295044,0.17219310998916626,0.436307817697525,-3.124564609176168,0.007832896676905676,-0.006182851159649238,0.0
194,0.5048899054527283,0.1721917688846588,0.43630507588386536,-3.124567158285569,0.007839620673268044,-0.0061792470420973175,0.0
195,0.5048902034759521,0.17219504714012146,0.4363081753253937,-3.124560112125159,0.007831837238031492,-0.0061768413572113,0.0
196,0.5048882365226746,0.17219409346580505,0.4363011419773102,-3.124568026288852,0.00784733547265093,-0.006181250059861271,0.0
197,0.5048916339874268,0.17219005525112152,0.43630069494247437,-3.1245668533158324,0.007851755432497054,-0.006187852143668302,0.0
198,0.5048929452896118,0.17218472063541412,0.4363051950931549,-3.1245652454121218,0.00784065728229999,-0.006199339222607373,0.0
199,0.50489342212677,0.172181636095047,0.43630534410476685,-3.1245624129207843,0.007840109109161109,-0.006204917121455612,0.0
200,0.5048956274986267,0.1721794754266739,0.43630820512771606,-3.12456058117544,0.007832881583938578,-0.006211387158631646,0.0
201,0.5048961639404297,0.1721753627061844,0.436306357383728,-3.124564037341527,0.007835858035621035,-0.006215473797019443,0.0
202,0.5048949718475342,0.17217810451984406,0.43630433082580566,-3.124564023275545,0.007841032495011335,-0.006204458740756069,0.0
203,0.5048946738243103,0.17218083143234253,0.43630850315093994,-3.1245625910405503,0.007831626481413556,-0.006199310717774103,0.0
204,0.5048968195915222,0.1721743941307068,0.43630674481391907,-3.124564370532812,0.007836696684301314,-0.006214278616558794,0.0
205,0.5048965811729431,0.1721748262643814,0.4363082945346832,-3.124562581513484,0.00783278772630669,-0.006214766380586855,0.0
206,0.5048950910568237,0.17217551171779633,0.4363068640232086,-3.1245634991680835,0.00783737299740861,-0.006215728416964929,0.0
207,0.5048961639404297,0.1721745878458023,0.43630921840667725,-3.1245592275500327,0.007833745081128995,-0.006224141104499558,0.0
208,0.5048977136611938,0.17217279970645905,0.4363061785697937,-3.124560940091626,0.007837522661665819,-0.006218971747078326,0.0
209,0.504899263381958,0.17216846346855164,0.4363100528717041,-3.1245585038957158,0.00782634959386952,-0.006225016199244857,0.0
210,0.5048993229866028,0.17216584086418152,0.436305969953537,-3.124564433542581,0.007838005337629461,-0.006235972573994732,0.0
211,0.5048992037773132,0.17216646671295166,0.43630605936050415,-3.1245621662660628,0.00783776849769513,-0.006237461466975829,0.0
212,0.5048986077308655,0.1721687912940979,0.4363051950931549,-3.1245618467646024,0.007839540745721019,-0.00622961984569746,0.0
213,0.5048996806144714,0.17216646671295166,0.4363090991973877,-3.1245567807401455,0.007832272758812708,-0.006237150863823264,0.0
214,0.5049024820327759,0.17216157913208008,0.4363101124763489,-3.1245593371112292,0.007829603455972833,-0.006244260540649388,0.0
215,0.5049030184745789,0.17215564846992493,0.4363076984882355,-3.1245608623875456,0.007834075386475625,-0.006252534286633643,0.0
216,0.5049044489860535,0.17214979231357574,0.43630850315093994,-3.1245565518242855,0.007834152835672015,-0.0062697211789127455,0.0
217,0.5049083232879639,0.17213855683803558,0.4363037049770355,-3.124559070557195,0.007845242661634,-0.006283301954829858,0.0
218,0.5049076676368713,0.17213812470436096,0.43630585074424744,-3.1245571163349277,0.007840283487508426,-0.006288136288960946,0.0
219,0.5049094557762146,0.17213650047779083,0.43630629777908325,-3.124559830646622,0.007837222135246735,-0.006292146645351258,0.0
220,0.5049099326133728,0.1721353679895401,0.4363076984882355,-3.124555306509662,0.007833648547670213,-0.006295998885667099,0.0
221,0.5049099922180176,0.17213474214076996,0.43630847334861755,-3.1245595034931912,0.007834993246305322,-0.006293155312268035,0.0
222,0.5049090385437012,0.1721322238445282,0.4363049864768982,-3.124559821427071,0.007842930267577763,-0.006302789993218172,0.0
223,0.5049107670783997,0.1721329540014267,0.4363052546977997,-3.124560637113846,0.007839762855538668,-0.0062948491328766246,0.0
224,0.5049118399620056,0.17212948203086853,0.43631139397621155,-3.1245581385280956,0.007828758907255873,-0.006301579707012989,0.0
225,0.5049144625663757,0.1721222847700119,0.4363046884536743,-3.1245559164892036,0.007842691103791433,-0.0063258044761853325,0.0
226,0.5049145817756653,0.17212165892124176,0.4363075792789459,-3.1245606165585245,0.007835812005035914,-0.006314904498672559,0.0
227,0.5049145817756653,0.17212572693824768,0.4363080859184265,-3.1245560893566875,0.007834952107549809,-0.006311993368349031,0.0
228,0.5049127340316772,0.1721239686012268,0.43630534410476685,-3.1245580427659547,0.00784056922221299,-0.006314480884546788,0.0
229,0.5049145221710205,0.17212103307247162,0.43630629777908325,-3.1245597406613266,0.007838986947628301,-0.006324581113128124,0.0
230,0.5049152970314026,0.17211982607841492,0.4363085627555847,-3.124556517099221,0.007833852312131517,-0.0063284042434533306,0.0
231,0.5049152374267578,0.17211879789829254,0.4363035261631012,-3.1245568264435435,0.007845566240383572,-0.0063237424808724315,0.0
232,0.5049142837524414,0.17212069034576416,0.43630847334861755,-3.1245538468249014,0.007835824333395802,-0.006329366085244709,0.0
233,0.5049160122871399,0.17211715877056122,0.43630605936050415,-3.1245586317989757,0.007839690671239241,-0.006328608212913318,0.0
234,0.5049177408218384,0.17211493849754333,0.4363081455230713,-3.1245563530172684,0.007835016020561802,-0.006335502748851794,0.0
235,0.5049161314964294,0.17211665213108063,0.436309278011322,-3.1245533363860343,0.00783404991592751,-0.006330302179770391,0.0
236,0.5049154162406921,0.17211823165416718,0.4363096058368683,-3.1245576110039206,0.007832854101199604,-0.006326975287816353,0.0
237,0.504916250705719,0.17211519181728363,0.4363078773021698,-3.1245554592800415,0.007836463725329645,-0.006334887119440348,0.0
238,0.5049178600311279,0.17211191356182098,0.43631190061569214,-3.1245553547942784,0.007827840760393334,-0.006334681226990599,0.0
239,0.5049161911010742,0.17211565375328064,0.4363069236278534,-3.124557461263083,0.0078383861289959,-0.006327550658879462,0.0
240,0.5049136281013489,0.17211005091667175,0.436298668384552,-3.1245628459504706,0.007861676846342869,-0.0063431561593380505,0.0
241,0.5049237608909607,0.17209047079086304,0.43630579113960266,-3.1245584555553902,0.007843944090734079,-0.006374789804361462,0.0
242,0.5049264430999756,0.17208799719810486,0.43631020188331604,-3.1245508217968805,0.00783219845001093,-0.006387470081248671,0.0
243,0.5049244165420532,0.17208872735500336,0.43630513548851013,-3.124555771667943,0.0078426110225287,-0.006388728882015745,0.0
244,0.5049252510070801,0.17208777368068695,0.4363057315349579,-3.1245581321965985,0.00784086969507114,-0.006384127843824919,0.0
245,0.5049269795417786,0.1720859259366989,0.4363073706626892,-3.1245557556306727,0.007837175935601293,-0.00639477074084685,0.0
246,0.5049261450767517,0.1720849871635437,0.4363081455230713,-3.124555607745283,0.007838502711597473,-0.006388271945601292,0.0
247,0.5049256086349487,0.1720883995294571,0.4363084137439728,-3.1245547355011123,0.007835547759740269,-0.006390541535046699,0.0
248,0.5049272775650024,0.1720847636461258,0.4363088607788086,-3.124554474611314,0.007833833319197625,-0.006390957000173549,0.0
249,0.5049264430999756,0.17208386957645416,0.43630877137184143,-3.1245523645831557,0.007836815997775748,-0.006393829625565763,0.0
250,0.5049273371696472,0.1720840036869049,0.43630674481391907,-3.1245562374781404,0.00784029819472365,-0.006391604559301062,0.0
251,0.5049270987510681,0.17208373546600342,0.43630629777908325,-3.124555848535443,0.007841029902613483,-0.006389669820163578,0.0
252,0.5049279928207397,0.17208294570446014,0.43630731105804443,-3.124553464659056,0.007838887735301059,-0.006403145159186511,0.0
253,0.5049271583557129,0.17208243906497955,0.43630701303482056,-3.124556616163731,0.007840704063656334,-0.006395221846322137,0.0
254,0.5049274563789368,0.17208103835582733,0.43630510568618774,-3.1245578105873735,0.007842388530923783,-0.006399674786304335,0.0
255,0.5049279928207397,0.17208218574523926,0.4363088309764862,-3.124555795205402,0.007834086322798806,-0.006392179632121579,0.0
256,0.5049285888671875,0.17208059132099152,0.43630775809288025,-3.1245536037135433,0.007838725234544652,-0.006402379729244755,0.0
257,0.504930853843689,0.17207440733909607,0.43630799651145935,-3.1245538243129483,0.00783646930132642,-0.006412770878299732,0.0
258,0.5049335360527039,0.17207320034503937,0.43631404638290405,-3.12454905617914,0.007820652247459092,-0.006414817230060935,0.0
259,0.504930853843689,0.1720699667930603,0.43630725145339966,-3.1245536021004265,0.007839567500545153,-0.006426248777177065,0.0
260,0.5049324035644531,0.17206929624080658,0.4363093972206116,-3.124552495451679,0.007833511877801902,-0.0064235406109736555,0.0
261,0.5049321055412292,0.17206880450248718,0.436307430267334,-3.124550898453458,0.007839465227965858,-0.006424648755293471,0.0
262,0.5049335956573486,0.17206604778766632,0.43630799651145935,-3.1245509691479936,0.007838340597083437,-0.006434838286984456,0.0
263,0.5049331188201904,0.17206493020057678,0.4363095164299011,-3.12454891407009,0.007835313465700544,-0.006429772752925961,0.0
264,0.5049342513084412,0.17206315696239471,0.4363095462322235,-3.124552626923333,0.007834503489857036,-0.0064291869552098105,0.0
265,0.5049346685409546,0.17206285893917084,0.4363086223602295,-3.1245496178959127,0.007836669513642258,-0.006437415452961445,0.0
266,0.5049343109130859,0.172064408659935,0.43631041049957275,-3.1245536221275128,0.007831477731417236,-0.006429915151945838,0.0
267,0.5049336552619934,0.17206454277038574,0.4363076090812683,-3.124551287146124,0.00783827657544145,-0.0064268979965857185,0.0
268,0.5049329996109009,0.17206521332263947,0.43631136417388916,-3.1245501271288467,0.007833249312909185,-0.006437302777127166,0.0
269,0.50493323802948,0.1720656454563141,0.4363075792789459,-3.124551511401044,0.007838289768400397,-0.006426126201155587,0.0
270,0.5049342513084412,0.17206525802612305,0.4363093972206116,-3.1245498343689193,0.007834829269668164,-0.006432591790744329,0.0
271,0.5049347281455994,0.17206300795078278,0.43630871176719666,-3.12454849711452,0.007836170035510959,-0.006435102288606364,0.0
272,0.5049335956573486,0.17206382751464844,0.4363075792789459,-3.1245497007986596,0.007839252641424599,-0.006435536170092295,0.0
273,0.5049350261688232,0.17205941677093506,0.4363096356391907,-3.1245520181119635,0.007833547242539485,-0.0064445637824652145,0.0
274,0.5049347281455994,0.1720602959394455,0.43630579113960266,-3.1245516207437745,0.007843042004730183,-0.006445624565160537,0.0
275,0.5049353241920471,0.17205867171287537,0.4363095760345459,-3.124550339126665,0.007834676216745828,-0.006439631874403982,0.0
276,0.5049344897270203,0.1720622181892395,0.4363064169883728,-3.1245510157138794,0.00784190357614567,-0.006438090216634858,0.0
277,0.5049358010292053,0.1720595508813858,0.4363086521625519,-3.124553021317872,0.0078353808925542,-0.006437378377309731,0.0
278,0.5049363970756531,0.17205910384655,0.4363097548484802,-3.124551599050078,0.007833489580638231,-0.006444141658203077,0.0
279,0.5049352049827576,0.1720592975616455,0.43630582094192505,-3.124550567893606,0.00784182684486101,-0.006444600708281036,0.0
280,0.5049365758895874,0.17205959558486938,0.4363112449645996,-3.1245504549768013,0.007830033185124208,-0.006444020406963201,0.0
281,0.5049372315406799,0.17205584049224854,0.43630778789520264,-3.124549907711343,0.007838169993497512,-0.006449774107121715,0.0
282,0.5049359202384949,0.17205804586410522,0.4363095462322235,-3.124552661537942,0.00783517264882172,-0.006441276943307497,0.0
283,0.5049359202384949,0.17205677926540375,0.4363115131855011,-3.124547434297127,0.007833176186164303,-0.006453441136025171,0.0
284,0.504936933517456,0.17205317318439484,0.43630823493003845,-3.1245505980996255,0.007840263845751094,-0.006453115586907983,0.0
285,0.504936695098877,0.1720564067363739,0.436308890581131,-3.1245481924567797,0.007836763923739332,-0.006454785420112655,0.0
286,0.5049363970756531,0.1720534861087799,0.4363076984882355,-3.124553277786597,0.007840690368160264,-0.00645308753252229,0.0
287,0.5049386620521545,0.17205075919628143,0.43631136417388916,-3.1245490028416785,0.007832036933474118,-0.0064606228616175855,0.0
288,0.5049384236335754,0.1720506250858307,0.43631064891815186,-3.1245509434597696,0.007831583579985812,-0.006457612997620015,0.0
289,0.5049415826797485,0.17204202711582184,0.4363095164299011,-3.1245497095572765,0.007834868771962489,-0.0064772918320426835,0.0
290,0.5049426555633545,0.17203840613365173,0.43631088733673096,-3.1245463154238977,0.007832539808561911,-0.006480523680354758,0.0
291,0.504942774772644,0.17203925549983978,0.43631041049957275,-3.1245494252296075,0.007833823769727521,-0.006484503682023583,0.0
292,0.5049411058425903,0.17204180359840393,0.4363059401512146,-3.124548341794828,0.007842910135224201,-0.006476668905166571,0.0
293,0.5049419403076172,0.1720409393310547,0.43630996346473694,-3.124550232851358,0.007833052356157832,-0.006470900292776034,0.0
294,0.5049411058425903,0.1720411777496338,0.4363097846508026,-3.1245498245686116,0.007834581659129869,-0.006478835662079415,0.0
295,0.5049439072608948,0.17203815281391144,0.4363105595111847,-3.124547163171261,0.007833168369297594,-0.0064881555236783375,0.0
296,0.504941999912262,0.17204125225543976,0.43630924820899963,-3.1245480302363813,0.007835359477491588,-0.0064818307573654595,0.0
297,0.504941999912262,0.1720392107963562,0.4363049864768982,-3.1245528334700445,0.007848308102866852,-0.006481472882323499,0.0
298,0.5049439668655396,0.17203480005264282,0.43630874156951904,-3.1245493349728966,0.007838092628091875,-0.006485507276767903,0.0
299,0.5049418210983276,0.172040194272995,0.43631190061569214,-3.1245486695042826,0.007829958738145182,-0.006484499666167846,0.0
300,0.5049439668655396,0.17203639447689056,0.43630966544151306,-3.1245498418407296,0.007834424650338567,-0.006481948271000538,0.0
301,0.504942774772644,0.1720387041568756,0.4363054633140564,-3.124548201329797,0.007844494102265509,-0.0064813381913722224,0.0
302,0.5049423575401306,0.17203962802886963,0.43630915880203247,-3.1245501949272825,0.007836340517695328,-0.006485861798390149,0.0
303,0.5049445629119873,0.1720322072505951,0.43630853295326233,-3.1245498061114816,0.007836434972603668,-0.006496361002969322,0.0
304,0.5049432516098022,0.17203666269779205,0.43630632758140564,-3.124552527210106,0.00784124945685738,-0.0064809292339233,0.0
305,0.5049436092376709,0.17203375697135925,0.43630704283714294,-3.1245485521845056,0.007840650233403634,-0.006491342054061685,0.0
306,0.5049437284469604,0.1720346361398697,0.43630853295326233,-3.1245515392176118,0.007839912788007997,-0.006487528439808287,0.0
307,0.5049442648887634,0.17203523218631744,0.4363108277320862,-3.1245459916258334,0.007832672584726641,-0.006490952030438092,0.0
308,0.5049428939819336,0.17203718423843384,0.4363079071044922,-3.124550989963013,0.007837840693765363,-0.006481218156000173,0.0
309,0.5049443244934082,0.1720338761806488,0.43630650639533997,-3.1245498267101466,0.00784115524004747,-0.006496278947610733,0.0
310,0.5049440860748291,0.1720353215932846,0.4363088607788086,-3.124548969809668,0.00783583983436964,-0.0064935282081368065,0.0
311,0.504944384098053,0.17203162610530853,0.43630605936050415,-3.1245486777745044,0.007843532762529692,-0.006503191796158072,0.0
312,0.5049433708190918,0.1720343828201294,0.43630656599998474,-3.124550007691104,0.007845625822846092,-0.006486958244331781,0.0
313,0.5049471259117126,0.17202290892601013,0.4363000690937042,-3.124554074358923,0.007854415561476147,-0.006515683339712961,0.0
314,0.5049464702606201,0.17202654480934143,0.43630799651145935,-3.124549630258014,0.007838215486502653,-0.006507305293552237,0.0
315,0.504946768283844,0.17202648520469666,0.43630796670913696,-3.12455067199253,0.007838751243195663,-0.006503412272217228,0.0
316,0.5049457550048828,0.1720283180475235,0.4363079071044922,-3.1245492201474683,0.007839389808818042,-0.006505769044600247,0.0
317,0.5049452781677246,0.17202848196029663,0.43630701303482056,-3.1245507081290405,0.007840865663954366,-0.006502799258151281,0.0
318,0.5049470067024231,0.17202448844909668,0.4363119602203369,-3.1245447797946104,0.007832089455419133,-0.006512331515605677,0.0
319,0.5049473643302917,0.17202530801296234,0.4363090395927429,-3.1245492966336674,0.007835997797754679,-0.006509566527815501,0.0
320,0.5049482583999634,0.17202280461788177,0.4363116919994354,-3.1245453226938666,0.007831726432383945,-0.006511907379921332,0.0
321,0.5049477815628052,0.17202140390872955,0.4363071024417877,-3.1245517280845108,0.007839639602354342,-0.006511011913564144,0.0
322,0.5049468278884888,0.17202536761760712,0.4363080561161041,-3.124550879490212,0.007838498794225712,-0.006508349500196607,0.0
323,0.5049475431442261,0.17202386260032654,0.4363099932670593,-3.124546803296342,0.007835900530707374,-0.006519330332048105,0.0
324,0.5049467086791992,0.172024205327034,0.436308890581131,-3.1245506663353892,0.007839140421058488,-0.006506182445414598,0.0
325,0.5049463510513306,0.17202313244342804,0.43630820512771606,-3.1245514284646334,0.007837665797951976,-0.006509390695099543,0.0
326,0.5049489140510559,0.1720200777053833,0.43630895018577576,-3.124549873319872,0.00783749059858696,-0.006519550008700667,0.0
327,0.5049477815628052,0.17202039062976837,0.43630802631378174,-3.1245502239588037,0.007839032039303584,-0.006515536665604828,0.0
328,0.5049493908882141,0.17202046513557434,0.4363126754760742,-3.124545189939869,0.007830723076408974,-0.006523077278670282,0.0
329,0.5049511790275574,0.17201495170593262,0.43630871176719666,-3.1245485981652337,0.007835500679866492,-0.0065242439092376365,0.0
330,0.5049483776092529,0.1720215231180191,0.4363071918487549,-3.1245479480505423,0.00784032312054328,-0.006514037277974774,0.0
331,0.5049499273300171,0.172016903758049,0.43631109595298767,-3.124550105528407,0.007830997662986006,-0.00652384672420732,0.0
332,0.5049500465393066,0.17201703786849976,0.4363088309764862,-3.124549384143356,0.007837816914443518,-0.006525632669801291,0.0
333,0.5049480199813843,0.17202036082744598,0.4363073706626892,-3.124550224743036,0.007842181982651741,-0.006521669831378705,0.0
334,0.5049487948417664,0.17201916873455048,0.4363079071044922,-3.1245479819448096,0.00783980949317864,-0.006521209989035866,0.0
335,0.5049490332603455,0.17201818525791168,0.436310738325119,-3.124546614931523,0.007836386968849363,-0.006520765328131927,0.0
336,0.5049484968185425,0.17201760411262512,0.4363090395927429,-3.124548830392893,0.00783868672657917,-0.006521914882983611,0.0
337,0.5049492120742798,0.17201881110668182,0.4363069236278534,-3.1245472800220773,0.007840516419362453,-0.006519742704804173,0.0
338,0.5049487948417664,0.17201635241508484,0.43631014227867126,-3.1245496492523044,0.007834152398006111,-0.006522661771817955,0.0
339,0.5049487352371216,0.17201685905456543,0.43630731105804443,-3.1245492674198423,0.00783951896640489,-0.006522473441166239,0.0
340,0.5049476623535156,0.1720190942287445,0.4363059401512146,-3.1245530849174674,0.007845426837664204,-0.006520197687374729,0.0
341,0.5049493908882141,0.17201684415340424,0.4363058805465698,-3.124551682666218,0.007842740115571623,-0.00651870488160013,0.0
342,0.5049492716789246,0.17201539874076843,0.4363093674182892,-3.124551614250374,0.007839817551717143,-0.006523163248138559,0.0
343,0.504951000213623,0.17201431095600128,0.4363117218017578,-3.1245498783106105,0.007831106631293716,-0.00653184760352029,0.0
344,0.5049501657485962,0.17201440036296844,0.4363073706626892,-3.1245519650807583,0.007842545235948517,-0.006534362854225785,0.0
345,0.5049506425857544,0.172013059258461,0.4363078474998474,-3.12455082387555,0.00784114608525499,-0.006525697491411881,0.0
346,0.5049503445625305,0.1720164269208908,0.4363091289997101,-3.124550413705458,0.007836116486299005,-0.006520752249374856,0.0
347,0.5049502849578857,0.17201349139213562,0.43630698323249817,-3.124550331706577,0.00784083718002515,-0.006535818800724079,0.0
348,0.504948616027832,0.1720149666070938,0.43630632758140564,-3.1245527905739894,0.007843798214288267,-0.006530561527081789,0.0
349,0.5049501061439514,0.17201583087444305,0.4363096356391907,-3.1245483911582035,0.007834695768093036,-0.0065296029408281045,0.0
350,0.5049498081207275,0.17201583087444305,0.4363076984882355,-3.1245496609779244,0.007839973751831764,-0.006528887236875606,0.0
351,0.5049499869346619,0.1720152497291565,0.43630704283714294,-3.124548762452299,0.007843942191390063,-0.0065291917027855235,0.0
352,0.5049511790275574,0.17201225459575653,0.4363108277320862,-3.124546413687002,0.007834849252287501,-0.006532483890867886,0.0
353,0.5049501061439514,0.17201665043830872,0.43631014227867126,-3.124548202616901,0.00783405416598204,-0.006521947246818082,0.0
354,0.5049512982368469,0.17201443016529083,0.43631088733673096,-3.124545598696769,0.007833850334008297,-0.006530199933509152,0.0
355,0.504950761795044,0.17201274633407593,0.43630632758140564,-3.1245473409446927,0.007844079530393788,-0.006540172120462842,0.0
356,0.504949152469635,0.1720164567232132,0.4363081753253937,-3.1245507529146055,0.007838591782371784,-0.006527302288537085,0.0
357,0.5049502849578857,0.1720156967639923,0.436305969953537,-3.124549000562406,0.007844784816841033,-0.006529362879514466,0.0
358,0.504952609539032,0.17200779914855957,0.43631210923194885,-3.124544379188341,0.007832447536090248,-0.006546975220368819,0.0
359,0.5049511790275574,0.1720079928636551,0.43630439043045044,-3.1245534601258576,0.007849383503852003,-0.006540160246081496,0.0
360,0.504953920841217,0.1720065176486969,0.4363120496273041,-3.1245442658235136,0.007830234242875989,-0.006548414896675207,0.0
361,0.5049511194229126,0.17200960218906403,0.4363091289997101,-3.124550436942382,0.007840458254530391,-0.006539482143408064,0.0
362,0.5049523115158081,0.17200984060764313,0.43631017208099365,-3.124544926067845,0.007836119269197805,-0.006545148541801602,0.0
363,0.5049524903297424,0.172008216381073,0.43630802631378174,-3.1245491436386046,0.007839837669108674,-0.006543157967908403,0.0
364,0.5049506425857544,0.1720133274793625,0.43631070852279663,-3.124547870738144,0.007836222324831166,-0.006537170546415984,0.0
365,0.5049525499343872,0.17200712859630585,0.43630897998809814,-3.1245483607693307,0.007838379629572678,-0.0065428022324803365,0.0
366,0.504952609539032,0.17200708389282227,0.4363073408603668,-3.1245457741244596,0.007841087468202224,-0.006545898377600285,0.0
367,0.5049537420272827,0.1720060408115387,0.4363090693950653,-3.1245468046680664,0.007838213652622272,-0.006547481815448977,0.0
368,0.5049514770507812,0.1720111221075058,0.4363086223602295,-3.124548643389189,0.007842572690323735,-0.006542977626844971,0.0
369,0.5049536228179932,0.172006756067276,0.43630853295326233,-3.124545353612313,0.007839621505075778,-0.0065510349559799634,0.0
370,0.5049533843994141,0.17200671136379242,0.4363083839416504,-3.1245440017517114,0.007837961330293242,-0.006550620506543706,0.0
371,0.5049517750740051,0.17200644314289093,0.43630874156951904,-3.1245494138257346,0.007842282215433372,-0.006543996441619542,0.0
372,0.504953145980835,0.17200739681720734,0.4363110065460205,-3.124544864050229,0.007833419721813062,-0.006549165441142336,0.0
373,0.504953920841217,0.1720050573348999,0.4363102316856384,-3.124547358209501,0.007836014152517334,-0.006545605554113497,0.0
374,0.5049532651901245,0.1720045655965805,0.43631070852279663,-3.124548140232284,0.007834131434574898,-0.006547109715040278,0.0
375,0.5049543976783752,0.1720069944858551,0.43631383776664734,-3.1245468809375727,0.007826525700734832,-0.006542219974417198,0.0
376,0.5049528479576111,0.1720033437013626,0.4363098740577698,-3.1245506103724474,0.007837373934851621,-0.006550188993548493,0.0
377,0.5049530267715454,0.17200671136379242,0.4363095760345459,-3.1245481001142874,0.007836776965582049,-0.006547970870226826,0.0
378,0.5049524903297424,0.17200663685798645,0.4363083839416504,-3.124548567864993,0.00783899630842555,-0.006539999987735104,0.0
379,0.504953145980835,0.17200596630573273,0.43630918860435486,-3.1245460014898656,0.007837848923670565,-0.006543883007161114,0.0
380,0.5049541592597961,0.17200548946857452,0.4363114535808563,-3.124547318241314,0.00783162227261891,-0.006545253055998916,0.0
381,0.5049533247947693,0.17200690507888794,0.4363112151622772,-3.1245447560784383,0.00783247430586309,-0.006541410204351297,0.0
382,0.5049541592597961,0.1720058023929596,0.43631094694137573,-3.1245479860221965,0.007832218861757667,-0.006545953296539255,0.0
383,0.5049541592597961,0.17200352251529694,0.4363095462322235,-3.1245477102127794,0.007836324825329255,-0.00655246932877492,0.0
384,0.5049533843994141,0.17200566828250885,0.43631020188331604,-3.124548919180062,0.00783827575434648,-0.0065427945957915404,0.0
385,0.5049527287483215,0.17200858891010284,0.43631038069725037,-3.12454573376641,0.007836511227756526,-0.006542273262067387,0.0
386,0.5049538612365723,0.17200380563735962,0.4363090693950653,-3.124549487475098,0.007836900494847976,-0.006545895530706135,0.0
387,0.5049533843994141,0.17200355231761932,0.4363099932670593,-3.1245491215567793,0.007837977017442377,-0.006548582136641186,0.0
388,0.5049538612365723,0.17200404405593872,0.43630924820899963,-3.1245441739106923,0.007837849537201125,-0.006556146021218406,0.0
389,0.5049537420272827,0.17200568318367004,0.4363078773021698,-3.124549112248638,0.007837756372029325,-0.006544490194379652,0.0
390,0.5049542784690857,0.1720028966665268,0.4363081157207489,-3.1245473532366193,0.007840296496423704,-0.0065554907978879464,0.0
391,0.5049540400505066,0.17200271785259247,0.4363101124763489,-3.1245458146249048,0.007836152016708509,-0.006553702546369128,0.0
392,0.5049523711204529,0.17200684547424316,0.43630674481391907,-3.124546995383894,0.007841347803483334,-0.006541725667045557,0.0
393,0.5049548149108887,0.17200462520122528,0.43630996346473694,-3.124545723510848,0.007835338667924852,-0.006553471160090867,0.0
394,0.5049540400505066,0.17200180888175964,0.4363093376159668,-3.1245442648108894,0.007837646434464274,-0.0065576480615933816,0.0
395,0.5049538612365723,0.17200322449207306,0.43631261587142944,-3.1245462081783013,0.007829449451765225,-0.0065523152841843735,0.0
396,0.5049561858177185,0.1719997376203537,0.43631094694137573,-3.124547080202652,0.007833175856026386,-0.006559268400440652,0.0
397,0.5049533247947693,0.17200425267219543,0.43631115555763245,-3.124544670651618,0.007834256001407747,-0.006550447952017967,0.0
398,0.5049530863761902,0.17200550436973572,0.43630725145339966,-3.124550361546551,0.007840445873857904,-0.006542590827938936,0.0
399,0.5049563050270081,0.17200057208538055,0.43630915880203247,-3.1245478393596597,0.007835906333200748,-0.006551553219384785,0.0
